city,date,pm25,pm10,o3,no2,so2,co
jharsuguda,2018-05-12,,158.0,1.0,19.0,7.0,14.0
jharsuguda,2018-06-12,212.0,109.0,5.0,10.0,6.0,12.0
jharsuguda,2018-07-12,178.0,102.0,7.0,9.0,6.0,11.0
jharsuguda,2018-08-12,170.0,103.0,3.0,11.0,6.0,12.0
jharsuguda,2018-09-12,176.0,103.0,3.0,15.0,7.0,12.0
jharsuguda,2018-10-12,178.0,78.0,3.0,9.0,6.0,12.0
jharsuguda,2018-11-12,160.0,,,,,
jharsuguda,2019-01-03,123.0,127.0,6.0,9.0,1.0,25.0
jharsuguda,2019-01-04,162.0,106.0,8.0,10.0,3.0,26.0
jharsuguda,2019-01-05,72.0,38.0,3.0,5.0,3.0,19.0
jharsuguda,2019-01-06,48.0,52.0,10.0,8.0,3.0,27.0
jharsuguda,2019-01-07,73.0,39.0,6.0,5.0,,16.0
jharsuguda,2019-01-08,54.0,19.0,2.0,2.0,,16.0
jharsuguda,2019-01-09,92.0,41.0,2.0,4.0,2.0,16.0
jharsuguda,2019-01-10,93.0,54.0,2.0,6.0,4.0,18.0
jharsuguda,2019-01-11,,105.0,2.0,5.0,4.0,21.0
jharsuguda,2019-01-12,158.0,91.0,2.0,6.0,4.0,9.0
jharsuguda,2019-02-03,166.0,108.0,2.0,9.0,1.0,26.0
jharsuguda,2019-02-04,162.0,132.0,16.0,10.0,4.0,28.0
jharsuguda,2019-02-05,36.0,29.0,2.0,4.0,2.0,19.0
jharsuguda,2019-02-06,96.0,12.0,10.0,6.0,3.0,26.0
jharsuguda,2019-02-07,54.0,27.0,5.0,4.0,,16.0
jharsuguda,2019-02-08,58.0,20.0,2.0,2.0,,16.0
jharsuguda,2019-02-09,60.0,46.0,,,,
jharsuguda,2019-02-10,84.0,57.0,2.0,4.0,4.0,18.0
jharsuguda,2019-02-11,158.0,110.0,3.0,2.0,4.0,21.0
jharsuguda,2019-02-12,150.0,109.0,2.0,5.0,5.0,10.0
jharsuguda,2019-03-03,171.0,119.0,5.0,7.0,1.0,26.0
jharsuguda,2019-03-04,188.0,137.0,18.0,10.0,4.0,28.0
jharsuguda,2019-03-05,49.0,65.0,9.0,6.0,3.0,21.0
jharsuguda,2019-03-06,,58.0,17.0,7.0,3.0,27.0
jharsuguda,2019-03-07,54.0,29.0,3.0,5.0,,17.0
jharsuguda,2019-03-08,41.0,17.0,1.0,4.0,,15.0
jharsuguda,2019-03-09,78.0,53.0,2.0,3.0,5.0,17.0
jharsuguda,2019-03-10,81.0,81.0,2.0,3.0,4.0,19.0
jharsuguda,2019-03-11,161.0,153.0,1.0,5.0,4.0,22.0
jharsuguda,2019-03-12,157.0,87.0,3.0,6.0,5.0,9.0
jharsuguda,2019-04-03,169.0,94.0,3.0,7.0,,26.0
jharsuguda,2019-04-04,192.0,,,,,
jharsuguda,2019-04-05,,26.0,,,,
jharsuguda,2019-04-06,96.0,78.0,19.0,10.0,3.0,27.0
jharsuguda,2019-04-07,75.0,11.0,3.0,5.0,,16.0
jharsuguda,2019-04-08,40.0,,,,,
jharsuguda,2019-04-09,90.0,25.0,2.0,2.0,4.0,16.0
jharsuguda,2019-04-10,117.0,67.0,3.0,3.0,3.0,19.0
jharsuguda,2019-04-11,178.0,118.0,5.0,3.0,5.0,20.0
jharsuguda,2019-04-12,149.0,85.0,9.0,6.0,6.0,7.0
jharsuguda,2019-05-03,158.0,84.0,6.0,7.0,2.0,24.0
jharsuguda,2019-05-04,,4.0,,,,
jharsuguda,2019-05-05,47.0,71.0,,,,
jharsuguda,2019-05-06,128.0,56.0,13.0,7.0,3.0,27.0
jharsuguda,2019-05-07,22.0,16.0,3.0,4.0,,16.0
jharsuguda,2019-05-08,,21.0,1.0,2.0,,17.0
jharsuguda,2019-05-09,56.0,28.0,3.0,2.0,4.0,17.0
jharsuguda,2019-05-10,99.0,49.0,2.0,3.0,3.0,18.0
jharsuguda,2019-05-11,167.0,117.0,3.0,3.0,4.0,13.0
jharsuguda,2019-05-12,127.0,92.0,3.0,9.0,5.0,6.0
jharsuguda,2019-06-03,144.0,88.0,5.0,8.0,3.0,24.0
jharsuguda,2019-06-05,128.0,103.0,,,,
jharsuguda,2019-06-06,103.0,58.0,9.0,7.0,3.0,26.0
jharsuguda,2019-06-07,43.0,21.0,5.0,4.0,,15.0
jharsuguda,2019-06-08,53.0,22.0,2.0,3.0,,17.0
jharsuguda,2019-06-09,63.0,23.0,1.0,3.0,4.0,17.0
jharsuguda,2019-06-10,88.0,40.0,3.0,4.0,3.0,18.0
jharsuguda,2019-06-11,165.0,114.0,2.0,6.0,4.0,4.0
jharsuguda,2019-06-12,142.0,91.0,5.0,8.0,5.0,6.0
jharsuguda,2019-07-03,139.0,94.0,8.0,10.0,3.0,24.0
jharsuguda,2019-07-05,150.0,119.0,,,,
jharsuguda,2019-07-06,83.0,50.0,10.0,7.0,3.0,29.0
jharsuguda,2019-07-07,33.0,31.0,5.0,8.0,,16.0
jharsuguda,2019-07-08,38.0,15.0,4.0,2.0,1.0,16.0
jharsuguda,2019-07-09,51.0,25.0,1.0,6.0,4.0,15.0
jharsuguda,2019-07-10,75.0,40.0,1.0,3.0,3.0,18.0
jharsuguda,2019-07-11,164.0,93.0,3.0,5.0,6.0,5.0
jharsuguda,2019-07-12,148.0,93.0,1.0,3.0,4.0,7.0
jharsuguda,2019-08-03,145.0,121.0,11.0,11.0,4.0,25.0
jharsuguda,2019-08-05,160.0,120.0,13.0,12.0,3.0,24.0
jharsuguda,2019-08-06,31.0,73.0,1.0,6.0,3.0,29.0
jharsuguda,2019-08-07,62.0,22.0,5.0,5.0,,16.0
jharsuguda,2019-08-08,,,4.0,4.0,1.0,16.0
jharsuguda,2019-08-09,60.0,31.0,2.0,4.0,12.0,17.0
jharsuguda,2019-08-10,77.0,62.0,2.0,4.0,4.0,17.0
jharsuguda,2019-08-11,151.0,77.0,8.0,4.0,6.0,5.0
jharsuguda,2019-08-12,153.0,102.0,5.0,9.0,5.0,7.0
jharsuguda,2019-09-03,167.0,140.0,8.0,11.0,3.0,26.0
jharsuguda,2019-09-05,141.0,128.0,2.0,11.0,3.0,24.0
jharsuguda,2019-09-06,114.0,79.0,20.0,5.0,3.0,28.0
jharsuguda,2019-09-07,51.0,41.0,4.0,6.0,,16.0
jharsuguda,2019-09-08,,,2.0,3.0,,18.0
jharsuguda,2019-09-09,67.0,32.0,2.0,4.0,5.0,17.0
jharsuguda,2019-09-10,121.0,47.0,,,,
jharsuguda,2019-09-11,109.0,70.0,5.0,1.0,7.0,5.0
jharsuguda,2019-09-12,155.0,118.0,2.0,9.0,5.0,7.0
jharsuguda,2019-10-03,172.0,130.0,7.0,10.0,3.0,25.0
jharsuguda,2019-10-05,182.0,125.0,,,,
jharsuguda,2019-10-06,144.0,93.0,18.0,8.0,3.0,28.0
jharsuguda,2019-10-07,64.0,47.0,4.0,5.0,,16.0
jharsuguda,2019-10-08,93.0,,1.0,5.0,,18.0
jharsuguda,2019-10-09,55.0,35.0,2.0,6.0,4.0,16.0
jharsuguda,2019-10-10,77.0,58.0,2.0,4.0,4.0,18.0
jharsuguda,2019-10-11,114.0,77.0,5.0,8.0,7.0,5.0
jharsuguda,2019-10-12,163.0,156.0,3.0,7.0,5.0,9.0
jharsuguda,2019-11-03,166.0,109.0,8.0,9.0,3.0,27.0
jharsuguda,2019-11-04,,112.0,8.0,8.0,3.0,22.0
jharsuguda,2019-11-05,133.0,81.0,12.0,9.0,3.0,24.0
jharsuguda,2019-11-06,128.0,48.0,23.0,6.0,3.0,22.0
jharsuguda,2019-11-07,73.0,52.0,4.0,5.0,1.0,16.0
jharsuguda,2019-11-08,101.0,,2.0,5.0,,18.0
jharsuguda,2019-11-09,78.0,35.0,2.0,4.0,7.0,17.0
jharsuguda,2019-11-10,92.0,48.0,1.0,4.0,4.0,17.0
jharsuguda,2019-11-11,116.0,95.0,3.0,5.0,8.0,5.0
jharsuguda,2019-11-12,191.0,110.0,4.0,6.0,6.0,8.0
jharsuguda,2019-12-02,,208.0,5.0,14.0,9.0,31.0
jharsuguda,2019-12-03,164.0,120.0,8.0,7.0,3.0,28.0
jharsuguda,2019-12-04,160.0,99.0,12.0,8.0,3.0,19.0
jharsuguda,2019-12-05,129.0,89.0,14.0,9.0,3.0,25.0
jharsuguda,2019-12-06,76.0,37.0,12.0,4.0,11.0,14.0
jharsuguda,2019-12-07,77.0,63.0,3.0,5.0,1.0,17.0
jharsuguda,2019-12-08,,17.0,9.0,3.0,,17.0
jharsuguda,2019-12-09,95.0,30.0,3.0,5.0,4.0,16.0
jharsuguda,2019-12-10,86.0,56.0,3.0,2.0,4.0,18.0
jharsuguda,2019-12-11,143.0,89.0,8.0,5.0,7.0,5.0
jharsuguda,2019-12-12,168.0,91.0,4.0,6.0,5.0,5.0
jharsuguda,2020-01-01,111.0,41.0,19.0,5.0,1.0,10.0
jharsuguda,2020-01-02,133.0,63.0,34.0,8.0,1.0,7.0
jharsuguda,2020-01-03,169.0,88.0,,,,
jharsuguda,2020-01-04,142.0,121.0,42.0,,1.0,2.0
jharsuguda,2020-01-05,142.0,,,,,
jharsuguda,2020-01-06,164.0,70.0,38.0,,2.0,5.0
jharsuguda,2020-01-07,49.0,42.0,20.0,1.0,2.0,1.0
jharsuguda,2020-01-08,108.0,33.0,8.0,3.0,5.0,1.0
jharsuguda,2020-01-09,143.0,51.0,9.0,2.0,5.0,3.0
jharsuguda,2020-01-10,102.0,,,,,
jharsuguda,2020-01-11,145.0,83.0,27.0,5.0,5.0,8.0
jharsuguda,2020-01-12,153.0,104.0,29.0,3.0,12.0,11.0
jharsuguda,2020-02-01,86.0,44.0,16.0,6.0,1.0,11.0
jharsuguda,2020-02-02,125.0,145.0,22.0,12.0,2.0,7.0
jharsuguda,2020-02-03,171.0,60.0,12.0,6.0,3.0,
jharsuguda,2020-02-04,151.0,127.0,42.0,,1.0,2.0
jharsuguda,2020-02-05,,87.0,59.0,,,3.0
jharsuguda,2020-02-06,139.0,59.0,28.0,,2.0,5.0
jharsuguda,2020-02-07,53.0,,,,,
jharsuguda,2020-02-08,78.0,51.0,10.0,2.0,5.0,1.0
jharsuguda,2020-02-09,123.0,71.0,12.0,2.0,8.0,5.0
jharsuguda,2020-02-11,153.0,105.0,32.0,6.0,5.0,9.0
jharsuguda,2020-02-12,170.0,105.0,32.0,3.0,11.0,10.0
jharsuguda,2020-03-01,104.0,75.0,18.0,5.0,1.0,11.0
jharsuguda,2020-03-02,150.0,91.0,12.0,10.0,3.0,7.0
jharsuguda,2020-03-03,155.0,43.0,22.0,7.0,2.0,
jharsuguda,2020-03-04,147.0,101.0,52.0,,2.0,2.0
jharsuguda,2020-03-05,159.0,61.0,33.0,,,3.0
jharsuguda,2020-03-06,163.0,61.0,20.0,,2.0,
jharsuguda,2020-03-08,125.0,48.0,19.0,3.0,4.0,1.0
jharsuguda,2020-03-09,140.0,75.0,6.0,1.0,6.0,23.0
jharsuguda,2020-03-10,,,6.0,2.0,3.0,1.0
jharsuguda,2020-03-11,176.0,95.0,30.0,6.0,6.0,8.0
jharsuguda,2020-03-12,168.0,113.0,29.0,3.0,8.0,11.0
jharsuguda,2020-04-01,136.0,84.0,23.0,4.0,1.0,12.0
jharsuguda,2020-04-02,156.0,75.0,16.0,7.0,4.0,7.0
jharsuguda,2020-04-03,,29.0,20.0,8.0,2.0,
jharsuguda,2020-04-04,146.0,77.0,59.0,,1.0,2.0
jharsuguda,2020-04-05,87.0,69.0,51.0,,,3.0
jharsuguda,2020-04-06,109.0,323.0,11.0,,2.0,9.0
jharsuguda,2020-04-08,106.0,3.0,10.0,3.0,3.0,
jharsuguda,2020-04-09,131.0,48.0,6.0,2.0,4.0,27.0
jharsuguda,2020-04-10,,64.0,8.0,4.0,4.0,2.0
jharsuguda,2020-04-11,164.0,102.0,32.0,6.0,6.0,9.0
jharsuguda,2020-04-12,169.0,103.0,32.0,3.0,15.0,11.0
jharsuguda,2020-05-01,144.0,75.0,24.0,6.0,1.0,12.0
jharsuguda,2020-05-02,153.0,93.0,16.0,5.0,3.0,4.0
jharsuguda,2020-05-03,,30.0,18.0,6.0,1.0,
jharsuguda,2020-05-04,144.0,169.0,34.0,,2.0,2.0
jharsuguda,2020-05-05,120.0,61.0,49.0,,,3.0
jharsuguda,2020-05-06,70.0,99.0,17.0,,2.0,5.0
jharsuguda,2020-05-08,7.0,39.0,7.0,3.0,4.0,1.0
jharsuguda,2020-05-09,96.0,,,,,
jharsuguda,2020-05-10,133.0,49.0,7.0,4.0,3.0,3.0
jharsuguda,2020-05-11,163.0,85.0,23.0,5.0,7.0,8.0
jharsuguda,2020-05-12,166.0,112.0,33.0,2.0,7.0,12.0
jharsuguda,2020-06-01,121.0,97.0,20.0,9.0,2.0,13.0
jharsuguda,2020-06-02,154.0,74.0,14.0,5.0,1.0,
jharsuguda,2020-06-03,,30.0,17.0,5.0,1.0,
jharsuguda,2020-06-04,164.0,105.0,43.0,,2.0,2.0
jharsuguda,2020-06-05,112.0,48.0,41.0,,,3.0
jharsuguda,2020-06-06,185.0,,,,,
jharsuguda,2020-06-08,85.0,39.0,9.0,2.0,4.0,1.0
jharsuguda,2020-06-09,,61.0,11.0,1.0,5.0,13.0
jharsuguda,2020-06-10,85.0,44.0,6.0,4.0,3.0,6.0
jharsuguda,2020-06-11,156.0,80.0,12.0,6.0,5.0,9.0
jharsuguda,2020-06-12,171.0,139.0,35.0,4.0,19.0,11.0
jharsuguda,2020-07-01,151.0,79.0,22.0,7.0,1.0,13.0
jharsuguda,2020-07-02,135.0,70.0,12.0,7.0,2.0,
jharsuguda,2020-07-03,,36.0,19.0,3.0,,
jharsuguda,2020-07-04,154.0,68.0,40.0,,2.0,2.0
jharsuguda,2020-07-05,78.0,59.0,36.0,,,3.0
jharsuguda,2020-07-08,70.0,32.0,8.0,2.0,3.0,
jharsuguda,2020-07-09,130.0,92.0,14.0,,6.0,3.0
jharsuguda,2020-07-10,85.0,65.0,8.0,4.0,8.0,6.0
jharsuguda,2020-07-11,148.0,112.0,32.0,6.0,6.0,10.0
jharsuguda,2020-07-12,192.0,109.0,30.0,2.0,11.0,11.0
jharsuguda,2020-08-01,151.0,80.0,16.0,4.0,1.0,13.0
jharsuguda,2020-08-02,123.0,87.0,31.0,7.0,1.0,
jharsuguda,2020-08-03,,45.0,26.0,7.0,2.0,1.0
jharsuguda,2020-08-04,125.0,99.0,20.0,,2.0,3.0
jharsuguda,2020-08-05,96.0,80.0,44.0,,,3.0
jharsuguda,2020-08-08,69.0,51.0,14.0,2.0,5.0,
jharsuguda,2020-08-09,182.0,61.0,11.0,,5.0,10.0
jharsuguda,2020-08-10,125.0,75.0,6.0,5.0,13.0,6.0
jharsuguda,2020-08-11,188.0,87.0,29.0,6.0,5.0,8.0
jharsuguda,2020-08-12,172.0,90.0,28.0,3.0,10.0,10.0
jharsuguda,2020-09-01,162.0,61.0,12.0,6.0,1.0,13.0
jharsuguda,2020-09-02,142.0,97.0,34.0,8.0,2.0,
jharsuguda,2020-09-03,162.0,31.0,22.0,7.0,1.0,1.0
jharsuguda,2020-09-04,154.0,94.0,54.0,,2.0,2.0
jharsuguda,2020-09-05,108.0,68.0,46.0,,,3.0
jharsuguda,2020-09-08,95.0,20.0,11.0,2.0,3.0,
jharsuguda,2020-09-09,149.0,61.0,13.0,,6.0,6.0
jharsuguda,2020-09-10,138.0,44.0,13.0,4.0,4.0,5.0
jharsuguda,2020-09-11,156.0,83.0,25.0,7.0,10.0,8.0
jharsuguda,2020-09-12,152.0,92.0,23.0,4.0,11.0,10.0
jharsuguda,2020-10-01,127.0,,29.0,7.0,1.0,14.0
jharsuguda,2020-10-02,141.0,122.0,36.0,9.0,2.0,
jharsuguda,2020-10-03,98.0,31.0,25.0,6.0,,2.0
jharsuguda,2020-10-04,167.0,125.0,68.0,,2.0,2.0
jharsuguda,2020-10-05,121.0,90.0,22.0,7.0,3.0,5.0
jharsuguda,2020-10-08,58.0,33.0,7.0,2.0,5.0,1.0
jharsuguda,2020-10-09,124.0,62.0,12.0,2.0,6.0,7.0
jharsuguda,2020-10-10,88.0,45.0,10.0,4.0,5.0,5.0
jharsuguda,2020-10-11,150.0,86.0,22.0,6.0,6.0,9.0
jharsuguda,2020-10-12,155.0,91.0,27.0,4.0,8.0,10.0
jharsuguda,2020-11-01,,,29.0,8.0,1.0,15.0
jharsuguda,2020-11-02,157.0,109.0,32.0,10.0,2.0,
jharsuguda,2020-11-03,99.0,23.0,39.0,4.0,,1.0
jharsuguda,2020-11-04,169.0,118.0,60.0,,2.0,2.0
jharsuguda,2020-11-05,186.0,78.0,41.0,,2.0,3.0
jharsuguda,2020-11-08,64.0,39.0,13.0,2.0,4.0,1.0
jharsuguda,2020-11-09,133.0,45.0,10.0,4.0,5.0,14.0
jharsuguda,2020-11-10,85.0,46.0,16.0,4.0,4.0,6.0
jharsuguda,2020-11-11,143.0,68.0,24.0,6.0,6.0,8.0
jharsuguda,2020-11-12,147.0,96.0,26.0,4.0,13.0,10.0
jharsuguda,2020-12-01,,,24.0,8.0,2.0,15.0
jharsuguda,2020-12-02,162.0,112.0,29.0,12.0,2.0,
jharsuguda,2020-12-03,78.0,,,,,
jharsuguda,2020-12-04,160.0,123.0,,,2.0,3.0
jharsuguda,2020-12-05,159.0,78.0,40.0,7.0,3.0,3.0
jharsuguda,2020-12-08,80.0,42.0,11.0,2.0,3.0,1.0
jharsuguda,2020-12-09,92.0,,,,,
jharsuguda,2020-12-10,89.0,33.0,12.0,4.0,3.0,5.0
jharsuguda,2020-12-11,117.0,72.0,22.0,5.0,5.0,7.0
jharsuguda,2020-12-12,155.0,82.0,27.0,4.0,6.0,10.0
jharsuguda,2021-01-01,182.0,116.0,30.0,4.0,8.0,13.0
jharsuguda,2021-01-02,131.0,91.0,28.0,5.0,14.0,14.0
jharsuguda,2021-01-03,,89.0,41.0,3.0,9.0,10.0
jharsuguda,2021-01-04,132.0,,,,,
jharsuguda,2021-01-05,139.0,55.0,21.0,,7.0,11.0
jharsuguda,2021-01-06,35.0,29.0,9.0,6.0,,10.0
jharsuguda,2021-01-07,51.0,,,,,
jharsuguda,2021-01-08,40.0,25.0,9.0,1.0,16.0,7.0
jharsuguda,2021-01-09,,36.0,1.0,2.0,16.0,7.0
jharsuguda,2021-01-10,,28.0,,2.0,14.0,7.0
jharsuguda,2021-01-11,97.0,55.0,34.0,3.0,18.0,8.0
jharsuguda,2021-02-01,177.0,108.0,34.0,4.0,9.0,12.0
jharsuguda,2021-02-02,151.0,85.0,30.0,5.0,11.0,14.0
jharsuguda,2021-02-03,,102.0,43.0,5.0,6.0,10.0
jharsuguda,2021-02-04,,50.0,25.0,8.0,9.0,12.0
jharsuguda,2021-02-05,83.0,52.0,17.0,1.0,6.0,10.0
jharsuguda,2021-02-06,54.0,41.0,18.0,6.0,,10.0
jharsuguda,2021-02-08,45.0,30.0,12.0,,12.0,7.0
jharsuguda,2021-02-09,76.0,27.0,1.0,2.0,15.0,7.0
jharsuguda,2021-02-10,,54.0,1.0,,24.0,8.0
jharsuguda,2021-02-11,94.0,55.0,31.0,3.0,17.0,8.0
jharsuguda,2021-03-01,167.0,104.0,32.0,4.0,7.0,13.0
jharsuguda,2021-03-02,137.0,84.0,25.0,4.0,15.0,14.0
jharsuguda,2021-03-03,244.0,114.0,54.0,5.0,3.0,11.0
jharsuguda,2021-03-04,84.0,43.0,31.0,5.0,15.0,12.0
jharsuguda,2021-03-05,71.0,36.0,21.0,,5.0,10.0
jharsuguda,2021-03-06,70.0,52.0,19.0,6.0,,10.0
jharsuguda,2021-03-08,49.0,32.0,12.0,,12.0,7.0
jharsuguda,2021-03-09,50.0,30.0,3.0,2.0,12.0,7.0
jharsuguda,2021-03-10,,54.0,1.0,,24.0,8.0
jharsuguda,2021-03-11,106.0,62.0,39.0,3.0,14.0,8.0
jharsuguda,2021-03-12,97.0,56.0,45.0,8.0,19.0,8.0
jharsuguda,2021-04-01,165.0,116.0,29.0,4.0,8.0,13.0
jharsuguda,2021-04-02,124.0,93.0,27.0,4.0,14.0,15.0
jharsuguda,2021-04-03,184.0,131.0,54.0,6.0,3.0,12.0
jharsuguda,2021-04-04,76.0,44.0,28.0,6.0,7.0,12.0
jharsuguda,2021-04-05,56.0,37.0,16.0,,6.0,10.0
jharsuguda,2021-04-06,82.0,44.0,14.0,6.0,,9.0
jharsuguda,2021-04-07,,41.0,8.0,33.0,14.0,
jharsuguda,2021-04-08,48.0,30.0,4.0,,15.0,7.0
jharsuguda,2021-04-09,62.0,27.0,2.0,2.0,14.0,7.0
jharsuguda,2021-04-10,,54.0,,1.0,18.0,7.0
jharsuguda,2021-04-11,97.0,58.0,11.0,3.0,16.0,8.0
jharsuguda,2021-04-12,78.0,44.0,43.0,8.0,13.0,8.0
jharsuguda,2021-05-01,173.0,107.0,31.0,4.0,17.0,12.0
jharsuguda,2021-05-02,152.0,97.0,34.0,5.0,11.0,14.0
jharsuguda,2021-05-03,195.0,101.0,39.0,6.0,3.0,11.0
jharsuguda,2021-05-04,79.0,72.0,30.0,9.0,7.0,13.0
jharsuguda,2021-05-05,60.0,44.0,18.0,,6.0,10.0
jharsuguda,2021-05-06,63.0,42.0,21.0,6.0,,12.0
jharsuguda,2021-05-07,31.0,35.0,3.0,34.0,14.0,
jharsuguda,2021-05-08,48.0,27.0,2.0,,20.0,8.0
jharsuguda,2021-05-09,46.0,14.0,1.0,2.0,11.0,7.0
jharsuguda,2021-05-10,,27.0,,,14.0,7.0
jharsuguda,2021-05-11,93.0,54.0,47.0,3.0,13.0,8.0
jharsuguda,2021-05-12,52.0,22.0,23.0,8.0,10.0,8.0
jharsuguda,2021-06-01,163.0,102.0,27.0,4.0,12.0,12.0
jharsuguda,2021-06-02,161.0,61.0,31.0,5.0,7.0,12.0
jharsuguda,2021-06-03,170.0,137.0,43.0,5.0,3.0,15.0
jharsuguda,2021-06-04,102.0,93.0,27.0,11.0,9.0,13.0
jharsuguda,2021-06-05,68.0,37.0,21.0,,5.0,9.0
jharsuguda,2021-06-06,20.0,60.0,19.0,,,10.0
jharsuguda,2021-06-07,54.0,33.0,12.0,34.0,11.0,18.0
jharsuguda,2021-06-08,50.0,,,,,
jharsuguda,2021-06-09,28.0,26.0,,2.0,10.0,7.0
jharsuguda,2021-06-10,,34.0,,,15.0,7.0
jharsuguda,2021-06-11,93.0,55.0,54.0,3.0,14.0,7.0
jharsuguda,2021-06-12,53.0,24.0,25.0,8.0,10.0,8.0
jharsuguda,2021-07-01,162.0,103.0,30.0,4.0,10.0,12.0
jharsuguda,2021-07-02,113.0,79.0,33.0,6.0,7.0,13.0
jharsuguda,2021-07-03,205.0,149.0,46.0,6.0,3.0,16.0
jharsuguda,2021-07-04,134.0,67.0,34.0,4.0,9.0,11.0
jharsuguda,2021-07-05,62.0,,,,,
jharsuguda,2021-07-06,47.0,33.0,20.0,,,10.0
jharsuguda,2021-07-07,14.0,26.0,2.0,30.0,12.0,17.0
jharsuguda,2021-07-09,10.0,24.0,1.0,2.0,14.0,7.0
jharsuguda,2021-07-10,,46.0,,,18.0,7.0
jharsuguda,2021-07-11,91.0,54.0,53.0,3.0,18.0,7.0
jharsuguda,2021-07-12,81.0,44.0,40.0,8.0,11.0,8.0
jharsuguda,2021-08-01,162.0,106.0,31.0,4.0,17.0,12.0
jharsuguda,2021-08-02,123.0,107.0,36.0,6.0,18.0,15.0
jharsuguda,2021-08-03,212.0,75.0,28.0,6.0,8.0,16.0
jharsuguda,2021-08-04,103.0,53.0,22.0,6.0,5.0,11.0
jharsuguda,2021-08-06,67.0,11.0,4.0,,,9.0
jharsuguda,2021-08-07,49.0,28.0,2.0,34.0,15.0,10.0
jharsuguda,2021-08-09,44.0,22.0,1.0,2.0,14.0,7.0
jharsuguda,2021-08-10,,61.0,22.0,,23.0,7.0
jharsuguda,2021-08-11,111.0,68.0,62.0,3.0,14.0,8.0
jharsuguda,2021-08-12,79.0,45.0,40.0,8.0,10.0,7.0
jharsuguda,2021-09-01,166.0,115.0,18.0,3.0,8.0,14.0
jharsuguda,2021-09-02,160.0,114.0,37.0,6.0,14.0,15.0
jharsuguda,2021-09-03,125.0,67.0,29.0,4.0,4.0,14.0
jharsuguda,2021-09-04,86.0,57.0,29.0,9.0,3.0,11.0
jharsuguda,2021-09-05,,44.0,40.0,,7.0,10.0
jharsuguda,2021-09-06,21.0,,,,,
jharsuguda,2021-09-07,54.0,39.0,5.0,34.0,14.0,13.0
jharsuguda,2021-09-09,50.0,23.0,,2.0,12.0,7.0
jharsuguda,2021-09-10,,45.0,39.0,,18.0,7.0
jharsuguda,2021-09-11,124.0,70.0,67.0,3.0,14.0,8.0
jharsuguda,2021-09-12,77.0,44.0,38.0,8.0,8.0,8.0
jharsuguda,2021-10-01,171.0,87.0,24.0,3.0,9.0,11.0
jharsuguda,2021-10-02,162.0,121.0,34.0,5.0,14.0,15.0
jharsuguda,2021-10-03,115.0,56.0,33.0,5.0,3.0,11.0
jharsuguda,2021-10-04,90.0,60.0,26.0,9.0,3.0,11.0
jharsuguda,2021-10-05,69.0,42.0,39.0,,7.0,11.0
jharsuguda,2021-10-07,77.0,19.0,1.0,34.0,13.0,12.0
jharsuguda,2021-10-09,45.0,8.0,,2.0,15.0,7.0
jharsuguda,2021-10-11,106.0,61.0,49.0,3.0,12.0,8.0
jharsuguda,2021-10-12,85.0,47.0,18.0,8.0,12.0,8.0
jharsuguda,2021-11-01,149.0,72.0,27.0,3.0,11.0,12.0
jharsuguda,2021-11-02,138.0,103.0,26.0,5.0,16.0,14.0
jharsuguda,2021-11-03,94.0,53.0,24.0,5.0,20.0,11.0
jharsuguda,2021-11-04,87.0,62.0,33.0,9.0,2.0,11.0
jharsuguda,2021-11-05,51.0,46.0,37.0,4.0,7.0,10.0
jharsuguda,2021-11-07,34.0,10.0,,34.0,12.0,16.0
jharsuguda,2021-11-09,,12.0,,2.0,11.0,7.0
jharsuguda,2021-11-10,,55.0,29.0,,13.0,7.0
jharsuguda,2021-11-11,101.0,59.0,45.0,3.0,17.0,8.0
jharsuguda,2021-11-12,90.0,52.0,31.0,8.0,12.0,8.0
jharsuguda,2021-12-01,136.0,65.0,29.0,4.0,16.0,11.0
jharsuguda,2021-12-02,,98.0,30.0,4.0,8.0,15.0
jharsuguda,2021-12-03,91.0,25.0,20.0,4.0,43.0,10.0
jharsuguda,2021-12-04,94.0,71.0,31.0,13.0,1.0,12.0
jharsuguda,2021-12-05,81.0,18.0,12.0,5.0,6.0,9.0
jharsuguda,2021-12-07,15.0,10.0,,33.0,13.0,12.0
jharsuguda,2021-12-09,,20.0,,2.0,11.0,7.0
jharsuguda,2021-12-10,,55.0,41.0,,18.0,7.0
jharsuguda,2021-12-11,85.0,48.0,24.0,3.0,13.0,8.0
jharsuguda,2021-12-12,101.0,59.0,45.0,,11.0,8.0
jharsuguda,2022-01-01,76.0,43.0,31.0,,16.0,8.0
jharsuguda,2022-01-02,101.0,62.0,36.0,8.0,12.0,8.0
jharsuguda,2022-01-04,154.0,86.0,84.0,3.0,12.0,7.0
jharsuguda,2022-01-05,125.0,48.0,48.0,11.0,8.0,9.0
jharsuguda,2022-01-06,78.0,69.0,14.0,10.0,15.0,8.0
jharsuguda,2022-01-07,48.0,36.0,3.0,6.0,5.0,8.0
jharsuguda,2022-01-08,77.0,50.0,,5.0,4.0,8.0
jharsuguda,2022-01-09,29.0,27.0,,5.0,5.0,8.0
jharsuguda,2022-01-11,,59.0,6.0,15.0,25.0,18.0
jharsuguda,2022-01-12,113.0,73.0,12.0,18.0,36.0,19.0
jharsuguda,2022-02-01,80.0,44.0,32.0,7.0,18.0,8.0
jharsuguda,2022-02-02,103.0,63.0,36.0,8.0,11.0,8.0
jharsuguda,2022-02-03,,79.0,26.0,,10.0,9.0
jharsuguda,2022-02-04,148.0,88.0,18.0,3.0,11.0,7.0
jharsuguda,2022-02-05,92.0,47.0,19.0,9.0,7.0,10.0
jharsuguda,2022-02-06,102.0,75.0,15.0,25.0,8.0,6.0
jharsuguda,2022-02-07,60.0,40.0,2.0,2.0,8.0,8.0
jharsuguda,2022-02-08,87.0,37.0,,2.0,4.0,8.0
jharsuguda,2022-02-09,241.0,33.0,,2.0,5.0,8.0
jharsuguda,2022-02-11,,41.0,3.0,2.0,25.0,17.0
jharsuguda,2022-02-12,128.0,81.0,14.0,11.0,35.0,20.0
jharsuguda,2022-03-01,75.0,56.0,45.0,8.0,21.0,8.0
jharsuguda,2022-03-02,105.0,35.0,17.0,8.0,9.0,8.0
jharsuguda,2022-03-03,119.0,65.0,45.0,,12.0,9.0
jharsuguda,2022-03-04,164.0,88.0,73.0,3.0,15.0,7.0
jharsuguda,2022-03-05,95.0,41.0,43.0,11.0,9.0,9.0
jharsuguda,2022-03-06,105.0,51.0,3.0,18.0,7.0,6.0
jharsuguda,2022-03-07,45.0,25.0,2.0,6.0,6.0,8.0
jharsuguda,2022-03-08,70.0,30.0,,2.0,4.0,8.0
jharsuguda,2022-03-09,258.0,13.0,,1.0,4.0,8.0
jharsuguda,2022-03-11,,,6.0,4.0,25.0,17.0
jharsuguda,2022-03-12,118.0,72.0,22.0,11.0,30.0,17.0
jharsuguda,2022-04-01,93.0,64.0,35.0,8.0,24.0,8.0
jharsuguda,2022-04-02,65.0,44.0,36.0,8.0,9.0,8.0
jharsuguda,2022-04-03,106.0,65.0,53.0,,12.0,9.0
jharsuguda,2022-04-04,156.0,69.0,49.0,1.0,8.0,7.0
jharsuguda,2022-04-05,79.0,41.0,29.0,10.0,7.0,10.0
jharsuguda,2022-04-06,57.0,55.0,24.0,21.0,5.0,6.0
jharsuguda,2022-04-07,43.0,34.0,,5.0,6.0,8.0
jharsuguda,2022-04-08,24.0,15.0,,2.0,4.0,8.0
jharsuguda,2022-04-09,,10.0,,10.0,5.0,8.0
jharsuguda,2022-04-11,,564.0,6.0,10.0,25.0,19.0
jharsuguda,2022-04-12,127.0,86.0,19.0,5.0,28.0,21.0
jharsuguda,2022-05-01,108.0,70.0,32.0,8.0,28.0,8.0
jharsuguda,2022-05-02,80.0,48.0,48.0,8.0,9.0,8.0
jharsuguda,2022-05-03,114.0,56.0,41.0,,9.0,9.0
jharsuguda,2022-05-04,122.0,73.0,53.0,,12.0,9.0
jharsuguda,2022-05-05,80.0,60.0,14.0,12.0,9.0,10.0
jharsuguda,2022-05-06,102.0,71.0,23.0,23.0,6.0,6.0
jharsuguda,2022-05-07,66.0,27.0,1.0,3.0,5.0,8.0
jharsuguda,2022-05-08,18.0,18.0,,3.0,4.0,8.0
jharsuguda,2022-05-09,834.0,37.0,,16.0,5.0,9.0
jharsuguda,2022-05-11,,,2.0,11.0,28.0,20.0
jharsuguda,2022-05-12,84.0,51.0,22.0,7.0,28.0,18.0
jharsuguda,2022-06-01,121.0,62.0,33.0,5.0,23.0,8.0
jharsuguda,2022-06-02,82.0,61.0,40.0,8.0,16.0,9.0
jharsuguda,2022-06-03,97.0,43.0,64.0,,12.0,9.0
jharsuguda,2022-06-04,119.0,72.0,67.0,,8.0,9.0
jharsuguda,2022-06-05,98.0,66.0,23.0,11.0,7.0,9.0
jharsuguda,2022-06-06,102.0,57.0,18.0,22.0,6.0,6.0
jharsuguda,2022-06-07,26.0,21.0,1.0,4.0,4.0,8.0
jharsuguda,2022-06-08,40.0,16.0,,,4.0,8.0
jharsuguda,2022-06-09,767.0,36.0,,10.0,4.0,8.0
jharsuguda,2022-06-11,,,2.0,,32.0,20.0
jharsuguda,2022-06-12,97.0,61.0,10.0,6.0,22.0,12.0
jharsuguda,2022-07-01,106.0,71.0,47.0,8.0,16.0,8.0
jharsuguda,2022-07-02,107.0,63.0,40.0,8.0,13.0,8.0
jharsuguda,2022-07-03,73.0,60.0,45.0,,12.0,9.0
jharsuguda,2022-07-04,141.0,72.0,61.0,,7.0,9.0
jharsuguda,2022-07-05,99.0,58.0,1.0,7.0,6.0,10.0
jharsuguda,2022-07-06,51.0,55.0,4.0,20.0,6.0,6.0
jharsuguda,2022-07-07,41.0,20.0,2.0,5.0,4.0,8.0
jharsuguda,2022-07-08,36.0,11.0,8.0,3.0,5.0,8.0
jharsuguda,2022-07-09,,27.0,,8.0,4.0,8.0
jharsuguda,2022-07-11,,,4.0,10.0,19.0,21.0
jharsuguda,2022-07-12,101.0,64.0,8.0,6.0,12.0,6.0
jharsuguda,2022-08-01,118.0,64.0,35.0,8.0,19.0,9.0
jharsuguda,2022-08-02,106.0,59.0,33.0,,10.0,9.0
jharsuguda,2022-08-03,102.0,81.0,20.0,,13.0,9.0
jharsuguda,2022-08-04,139.0,63.0,70.0,,6.0,9.0
jharsuguda,2022-08-05,99.0,31.0,14.0,7.0,8.0,9.0
jharsuguda,2022-08-06,90.0,69.0,,16.0,6.0,6.0
jharsuguda,2022-08-07,38.0,,,,,
jharsuguda,2022-08-08,14.0,8.0,4.0,2.0,5.0,8.0
jharsuguda,2022-08-09,,18.0,,,4.0,8.0
jharsuguda,2022-08-11,,,3.0,8.0,,18.0
jharsuguda,2022-08-12,98.0,62.0,15.0,8.0,10.0,6.0
jharsuguda,2022-09-01,110.0,56.0,7.0,8.0,14.0,8.0
jharsuguda,2022-09-02,103.0,49.0,29.0,8.0,8.0,9.0
jharsuguda,2022-09-03,132.0,,,,,
jharsuguda,2022-09-04,123.0,63.0,91.0,,5.0,9.0
jharsuguda,2022-09-05,47.0,14.0,7.0,6.0,6.0,9.0
jharsuguda,2022-09-06,74.0,227.0,10.0,17.0,6.0,6.0
jharsuguda,2022-09-07,,14.0,1.0,3.0,6.0,8.0
jharsuguda,2022-09-08,22.0,8.0,10.0,,5.0,8.0
jharsuguda,2022-09-09,,17.0,,,4.0,8.0
jharsuguda,2022-09-11,,,3.0,9.0,,18.0
jharsuguda,2022-09-12,100.0,63.0,13.0,8.0,9.0,7.0
jharsuguda,2022-10-01,74.0,37.0,13.0,8.0,11.0,8.0
jharsuguda,2022-10-02,86.0,50.0,35.0,8.0,8.0,9.0
jharsuguda,2022-10-04,121.0,71.0,70.0,,5.0,9.0
jharsuguda,2022-10-05,26.0,31.0,9.0,7.0,5.0,9.0
jharsuguda,2022-10-06,171.0,82.0,11.0,18.0,7.0,6.0
jharsuguda,2022-10-07,26.0,14.0,,1.0,7.0,8.0
jharsuguda,2022-10-08,14.0,6.0,12.0,,5.0,8.0
jharsuguda,2022-10-09,,14.0,,2.0,9.0,9.0
jharsuguda,2022-10-11,,,4.0,8.0,,17.0
jharsuguda,2022-10-12,107.0,68.0,7.0,2.0,10.0,8.0
jharsuguda,2022-11-01,69.0,32.0,10.0,8.0,9.0,8.0
jharsuguda,2022-11-02,85.0,43.0,39.0,8.0,8.0,8.0
jharsuguda,2022-11-03,,40.0,38.0,,10.0,9.0
jharsuguda,2022-11-04,114.0,71.0,53.0,,4.0,9.0
jharsuguda,2022-11-05,56.0,21.0,13.0,8.0,5.0,10.0
jharsuguda,2022-11-06,56.0,31.0,9.0,17.0,6.0,6.0
jharsuguda,2022-11-07,5.0,7.0,3.0,4.0,5.0,8.0
jharsuguda,2022-11-08,13.0,17.0,4.0,12.0,5.0,8.0
jharsuguda,2022-11-09,,14.0,,7.0,5.0,8.0
jharsuguda,2022-11-11,,,10.0,3.0,20.0,16.0
jharsuguda,2022-11-12,111.0,69.0,7.0,,8.0,9.0
jharsuguda,2022-12-01,63.0,36.0,21.0,8.0,10.0,8.0
jharsuguda,2022-12-02,80.0,41.0,39.0,8.0,9.0,8.0
jharsuguda,2022-12-03,71.0,,,,,
jharsuguda,2022-12-04,118.0,61.0,53.0,,5.0,9.0
jharsuguda,2022-12-05,52.0,61.0,16.0,8.0,5.0,10.0
jharsuguda,2022-12-06,28.0,39.0,16.0,21.0,5.0,6.0
jharsuguda,2022-12-07,17.0,10.0,2.0,4.0,5.0,8.0
jharsuguda,2022-12-08,42.0,11.0,,12.0,4.0,8.0
jharsuguda,2022-12-09,,16.0,,2.0,4.0,8.0
jharsuguda,2022-12-11,,,9.0,9.0,24.0,17.0
jharsuguda,2022-12-12,99.0,63.0,7.0,5.0,11.0,9.0
jharsuguda,2023-01-01,128.0,82.0,3.0,,9.0,14.0
jharsuguda,2023-01-02,67.0,42.0,21.0,9.0,15.0,10.0
jharsuguda,2023-01-03,149.0,101.0,27.0,18.0,1.0,15.0
jharsuguda,2023-01-05,51.0,36.0,9.0,16.0,1.0,18.0
jharsuguda,2023-01-06,,,9.0,29.0,13.0,14.0
jharsuguda,2023-01-08,,44.0,,,,
jharsuguda,2023-01-09,119.0,66.0,14.0,3.0,13.0,6.0
jharsuguda,2023-01-10,57.0,26.0,8.0,1.0,13.0,6.0
jharsuguda,2023-01-11,109.0,61.0,8.0,2.0,13.0,3.0
jharsuguda,2023-01-12,70.0,67.0,7.0,4.0,7.0,11.0
jharsuguda,2023-02-01,116.0,88.0,12.0,,5.0,12.0
jharsuguda,2023-02-02,69.0,48.0,15.0,8.0,18.0,10.0
jharsuguda,2023-02-03,150.0,87.0,23.0,17.0,1.0,14.0
jharsuguda,2023-02-04,,63.0,,12.0,1.0,13.0
jharsuguda,2023-02-05,61.0,35.0,10.0,9.0,4.0,17.0
jharsuguda,2023-02-06,,,20.0,9.0,13.0,4.0
jharsuguda,2023-02-08,67.0,21.0,,17.0,13.0,2.0
jharsuguda,2023-02-09,105.0,58.0,13.0,5.0,13.0,9.0
jharsuguda,2023-02-10,48.0,24.0,8.0,2.0,13.0,7.0
jharsuguda,2023-02-11,96.0,58.0,8.0,,13.0,3.0
jharsuguda,2023-02-12,109.0,61.0,7.0,4.0,7.0,9.0
jharsuguda,2023-03-01,140.0,85.0,15.0,3.0,5.0,11.0
jharsuguda,2023-03-02,77.0,76.0,,,17.0,11.0
jharsuguda,2023-03-03,133.0,88.0,21.0,15.0,1.0,14.0
jharsuguda,2023-03-04,101.0,54.0,,9.0,1.0,17.0
jharsuguda,2023-03-05,56.0,20.0,4.0,10.0,13.0,17.0
jharsuguda,2023-03-06,,,22.0,12.0,13.0,2.0
jharsuguda,2023-03-07,,,1.0,3.0,14.0,6.0
jharsuguda,2023-03-08,38.0,15.0,,5.0,13.0,5.0
jharsuguda,2023-03-09,91.0,33.0,15.0,5.0,13.0,11.0
jharsuguda,2023-03-10,43.0,23.0,8.0,2.0,13.0,4.0
jharsuguda,2023-03-11,93.0,20.0,8.0,,13.0,
jharsuguda,2023-03-12,100.0,55.0,9.0,4.0,7.0,9.0
jharsuguda,2023-04-01,137.0,82.0,9.0,22.0,2.0,12.0
jharsuguda,2023-04-02,105.0,58.0,9.0,,14.0,13.0
jharsuguda,2023-04-03,132.0,80.0,23.0,14.0,1.0,13.0
jharsuguda,2023-04-04,86.0,45.0,3.0,13.0,1.0,17.0
jharsuguda,2023-04-05,38.0,33.0,8.0,8.0,13.0,17.0
jharsuguda,2023-04-06,,,21.0,9.0,13.0,3.0
jharsuguda,2023-04-07,,,1.0,5.0,13.0,6.0
jharsuguda,2023-04-08,29.0,31.0,,,13.0,3.0
jharsuguda,2023-04-09,58.0,12.0,6.0,5.0,13.0,11.0
jharsuguda,2023-04-10,43.0,49.0,8.0,2.0,13.0,4.0
jharsuguda,2023-04-11,38.0,,,,,
jharsuguda,2023-04-12,87.0,32.0,8.0,4.0,7.0,6.0
jharsuguda,2023-05-01,134.0,60.0,13.0,12.0,1.0,8.0
jharsuguda,2023-05-02,93.0,59.0,24.0,15.0,32.0,14.0
jharsuguda,2023-05-03,122.0,86.0,27.0,11.0,1.0,15.0
jharsuguda,2023-05-04,73.0,46.0,4.0,14.0,,17.0
jharsuguda,2023-05-05,57.0,23.0,,1.0,13.0,17.0
jharsuguda,2023-05-06,,,25.0,13.0,13.0,3.0
jharsuguda,2023-05-07,,,,,13.0,5.0
jharsuguda,2023-05-08,53.0,26.0,,6.0,12.0,6.0
jharsuguda,2023-05-09,21.0,8.0,10.0,5.0,13.0,7.0
jharsuguda,2023-05-10,77.0,66.0,9.0,,13.0,5.0
jharsuguda,2023-05-11,,48.0,8.0,1.0,13.0,5.0
jharsuguda,2023-05-12,55.0,,,,,
jharsuguda,2023-06-01,94.0,51.0,11.0,11.0,3.0,6.0
jharsuguda,2023-06-02,98.0,79.0,28.0,18.0,20.0,7.0
jharsuguda,2023-06-03,132.0,93.0,33.0,21.0,1.0,17.0
jharsuguda,2023-06-04,76.0,47.0,6.0,14.0,,18.0
jharsuguda,2023-06-05,45.0,44.0,,1.0,13.0,22.0
jharsuguda,2023-06-06,,,20.0,14.0,13.0,3.0
jharsuguda,2023-06-07,,,1.0,,13.0,11.0
jharsuguda,2023-06-08,46.0,27.0,,,13.0,4.0
jharsuguda,2023-06-09,16.0,17.0,10.0,7.0,13.0,3.0
jharsuguda,2023-06-10,105.0,37.0,9.0,,13.0,2.0
jharsuguda,2023-06-11,78.0,66.0,9.0,6.0,13.0,5.0
jharsuguda,2023-06-12,,11.0,7.0,4.0,5.0,8.0
jharsuguda,2023-07-01,82.0,52.0,2.0,4.0,3.0,7.0
jharsuguda,2023-07-02,122.0,116.0,8.0,24.0,21.0,18.0
jharsuguda,2023-07-03,143.0,77.0,,12.0,,16.0
jharsuguda,2023-07-04,78.0,61.0,9.0,13.0,,16.0
jharsuguda,2023-07-05,68.0,34.0,22.0,7.0,13.0,20.0
jharsuguda,2023-07-06,,2.0,19.0,6.0,13.0,6.0
jharsuguda,2023-07-07,,,,,14.0,17.0
jharsuguda,2023-07-08,47.0,50.0,,,13.0,1.0
jharsuguda,2023-07-09,34.0,23.0,9.0,7.0,13.0,4.0
jharsuguda,2023-07-10,63.0,67.0,9.0,,13.0,8.0
jharsuguda,2023-07-11,103.0,64.0,9.0,4.0,12.0,4.0
jharsuguda,2023-07-12,22.0,,,,,
jharsuguda,2023-08-01,83.0,64.0,13.0,15.0,15.0,12.0
jharsuguda,2023-08-02,160.0,89.0,,6.0,16.0,13.0
jharsuguda,2023-08-03,123.0,49.0,34.0,19.0,1.0,18.0
jharsuguda,2023-08-04,99.0,52.0,,11.0,,16.0
jharsuguda,2023-08-05,57.0,38.0,23.0,10.0,13.0,18.0
jharsuguda,2023-08-06,4.0,47.0,16.0,9.0,13.0,5.0
jharsuguda,2023-08-07,,,,16.0,14.0,16.0
jharsuguda,2023-08-08,77.0,58.0,,7.0,13.0,5.0
jharsuguda,2023-08-09,42.0,12.0,16.0,2.0,13.0,6.0
jharsuguda,2023-08-10,106.0,61.0,9.0,1.0,13.0,10.0
jharsuguda,2023-08-11,103.0,77.0,9.0,6.0,13.0,5.0
jharsuguda,2023-08-12,,44.0,17.0,2.0,6.0,11.0
jharsuguda,2023-09-01,97.0,71.0,13.0,12.0,16.0,11.0
jharsuguda,2023-09-02,144.0,73.0,,,13.0,11.0
jharsuguda,2023-09-03,80.0,71.0,28.0,17.0,1.0,17.0
jharsuguda,2023-09-04,82.0,69.0,10.0,19.0,,20.0
jharsuguda,2023-09-05,64.0,39.0,18.0,11.0,13.0,19.0
jharsuguda,2023-09-06,78.0,107.0,4.0,13.0,13.0,12.0
jharsuguda,2023-09-08,94.0,42.0,,,13.0,3.0
jharsuguda,2023-09-09,24.0,26.0,17.0,,13.0,2.0
jharsuguda,2023-09-10,99.0,48.0,9.0,2.0,13.0,6.0
jharsuguda,2023-09-11,117.0,74.0,9.0,8.0,13.0,5.0
jharsuguda,2023-09-12,73.0,48.0,17.0,2.0,8.0,13.0
jharsuguda,2023-10-01,109.0,73.0,17.0,14.0,11.0,10.0
jharsuguda,2023-10-02,121.0,71.0,16.0,16.0,26.0,10.0
jharsuguda,2023-10-03,113.0,86.0,37.0,15.0,1.0,17.0
jharsuguda,2023-10-04,108.0,49.0,18.0,19.0,,18.0
jharsuguda,2023-10-05,65.0,35.0,19.0,10.0,13.0,16.0
jharsuguda,2023-10-06,156.0,70.0,4.0,7.0,13.0,7.0
jharsuguda,2023-10-07,,,1.0,9.0,13.0,7.0
jharsuguda,2023-10-08,70.0,57.0,,,13.0,1.0
jharsuguda,2023-10-09,48.0,40.0,16.0,2.0,13.0,5.0
jharsuguda,2023-10-10,78.0,68.0,10.0,2.0,13.0,4.0
jharsuguda,2023-10-11,120.0,81.0,8.0,5.0,13.0,3.0
jharsuguda,2023-10-12,77.0,53.0,17.0,2.0,8.0,13.0
jharsuguda,2023-11-01,116.0,86.0,27.0,13.0,14.0,13.0
jharsuguda,2023-11-02,115.0,78.0,31.0,24.0,21.0,7.0
jharsuguda,2023-11-03,132.0,87.0,34.0,17.0,1.0,18.0
jharsuguda,2023-11-04,78.0,58.0,19.0,15.0,,18.0
jharsuguda,2023-11-05,60.0,49.0,8.0,12.0,13.0,16.0
jharsuguda,2023-11-06,113.0,63.0,18.0,6.0,13.0,7.0
jharsuguda,2023-11-07,,,,1.0,13.0,4.0
jharsuguda,2023-11-08,90.0,57.0,,6.0,13.0,6.0
jharsuguda,2023-11-09,64.0,35.0,17.0,2.0,13.0,9.0
jharsuguda,2023-11-10,109.0,69.0,9.0,2.0,13.0,7.0
jharsuguda,2023-11-11,136.0,,,,,
jharsuguda,2023-11-12,84.0,52.0,5.0,2.0,9.0,13.0
jharsuguda,2023-12-01,128.0,79.0,24.0,14.0,16.0,15.0
jharsuguda,2023-12-02,129.0,132.0,1.0,12.0,22.0,22.0
jharsuguda,2023-12-03,139.0,73.0,42.0,17.0,1.0,19.0
jharsuguda,2023-12-04,92.0,97.0,16.0,19.0,1.0,22.0
jharsuguda,2023-12-05,78.0,39.0,20.0,6.0,13.0,4.0
jharsuguda,2023-12-06,101.0,56.0,19.0,9.0,13.0,4.0
jharsuguda,2023-12-07,,,,2.0,13.0,6.0
jharsuguda,2023-12-08,90.0,49.0,1.0,5.0,13.0,9.0
jharsuguda,2023-12-09,59.0,21.0,17.0,3.0,13.0,7.0
jharsuguda,2023-12-10,112.0,,,,,
jharsuguda,2023-12-12,82.0,,,,,
jharsuguda,2024-01-01,129.0,68.0,11.0,3.0,8.0,16.0
jharsuguda,2024-01-02,128.0,46.0,7.0,45.0,5.0,13.0
jharsuguda,2024-01-03,65.0,75.0,8.0,7.0,5.0,12.0
jharsuguda,2024-01-04,117.0,83.0,8.0,6.0,8.0,16.0
jharsuguda,2024-01-05,96.0,58.0,36.0,5.0,11.0,19.0
jharsuguda,2024-01-06,107.0,51.0,8.0,6.0,8.0,11.0
jharsuguda,2024-01-07,59.0,49.0,159.0,8.0,5.0,7.0
jharsuguda,2024-01-08,37.0,12.0,5.0,9.0,9.0,7.0
jharsuguda,2024-01-09,32.0,13.0,10.0,8.0,9.0,7.0
jharsuguda,2024-01-10,75.0,53.0,11.0,4.0,9.0,6.0
jharsuguda,2024-01-11,104.0,65.0,11.0,3.0,10.0,3.0
jharsuguda,2024-01-12,52.0,39.0,19.0,2.0,3.0,3.0
jharsuguda,2024-02-01,109.0,72.0,15.0,3.0,8.0,16.0
jharsuguda,2024-02-02,77.0,,7.0,47.0,5.0,14.0
jharsuguda,2024-02-03,114.0,56.0,8.0,6.0,5.0,9.0
jharsuguda,2024-02-04,142.0,,,,,
jharsuguda,2024-02-05,91.0,61.0,31.0,5.0,11.0,19.0
jharsuguda,2024-02-06,77.0,17.0,25.0,5.0,8.0,14.0
jharsuguda,2024-02-07,79.0,35.0,88.0,8.0,5.0,6.0
jharsuguda,2024-02-08,23.0,8.0,5.0,10.0,8.0,6.0
jharsuguda,2024-02-09,24.0,32.0,10.0,8.0,9.0,7.0
jharsuguda,2024-02-10,84.0,52.0,10.0,4.0,9.0,6.0
jharsuguda,2024-02-11,100.0,69.0,11.0,3.0,9.0,3.0
jharsuguda,2024-02-12,64.0,70.0,21.0,3.0,3.0,3.0
jharsuguda,2024-03-01,113.0,70.0,19.0,3.0,8.0,13.0
jharsuguda,2024-03-02,,,7.0,27.0,5.0,15.0
jharsuguda,2024-03-03,88.0,57.0,8.0,6.0,5.0,12.0
jharsuguda,2024-03-05,97.0,82.0,38.0,5.0,12.0,20.0
jharsuguda,2024-03-06,33.0,51.0,43.0,6.0,8.0,15.0
jharsuguda,2024-03-07,58.0,39.0,7.0,8.0,5.0,6.0
jharsuguda,2024-03-08,16.0,9.0,4.0,9.0,9.0,8.0
jharsuguda,2024-03-09,54.0,38.0,10.0,8.0,9.0,6.0
jharsuguda,2024-03-10,83.0,64.0,10.0,3.0,9.0,5.0
jharsuguda,2024-03-11,112.0,85.0,11.0,2.0,10.0,2.0
jharsuguda,2024-03-12,105.0,70.0,33.0,2.0,3.0,2.0
jharsuguda,2024-04-01,112.0,87.0,9.0,2.0,9.0,14.0
jharsuguda,2024-04-02,,,7.0,36.0,5.0,17.0
jharsuguda,2024-04-03,89.0,61.0,7.0,5.0,5.0,13.0
jharsuguda,2024-04-04,,90.0,8.0,6.0,8.0,16.0
jharsuguda,2024-04-05,133.0,107.0,15.0,5.0,12.0,20.0
jharsuguda,2024-04-06,81.0,52.0,64.0,6.0,7.0,15.0
jharsuguda,2024-04-07,64.0,,,,,
jharsuguda,2024-04-08,18.0,19.0,10.0,8.0,8.0,7.0
jharsuguda,2024-04-09,65.0,32.0,10.0,9.0,8.0,6.0
jharsuguda,2024-04-10,102.0,63.0,10.0,3.0,9.0,5.0
jharsuguda,2024-04-11,130.0,90.0,11.0,3.0,10.0,2.0
jharsuguda,2024-04-12,111.0,66.0,26.0,2.0,3.0,3.0
jharsuguda,2024-05-01,129.0,98.0,9.0,4.0,8.0,14.0
jharsuguda,2024-05-02,,,7.0,38.0,5.0,13.0
jharsuguda,2024-05-03,96.0,54.0,8.0,5.0,6.0,12.0
jharsuguda,2024-05-04,152.0,,,,,
jharsuguda,2024-05-05,153.0,90.0,14.0,5.0,12.0,21.0
jharsuguda,2024-05-06,82.0,70.0,12.0,6.0,7.0,16.0
jharsuguda,2024-05-07,,38.0,103.0,8.0,5.0,7.0
jharsuguda,2024-05-08,33.0,25.0,10.0,8.0,9.0,7.0
jharsuguda,2024-05-09,55.0,41.0,11.0,9.0,9.0,6.0
jharsuguda,2024-05-10,99.0,59.0,10.0,3.0,9.0,5.0
jharsuguda,2024-05-11,138.0,76.0,11.0,3.0,10.0,3.0
jharsuguda,2024-05-12,103.0,70.0,30.0,2.0,3.0,2.0
jharsuguda,2024-06-01,140.0,75.0,9.0,5.0,7.0,11.0
jharsuguda,2024-06-02,,,7.0,62.0,5.0,10.0
jharsuguda,2024-06-03,86.0,35.0,7.0,5.0,6.0,11.0
jharsuguda,2024-06-04,,57.0,7.0,6.0,8.0,18.0
jharsuguda,2024-06-05,136.0,43.0,2.0,6.0,14.0,21.0
jharsuguda,2024-06-06,110.0,69.0,54.0,7.0,5.0,13.0
jharsuguda,2024-06-07,62.0,15.0,,8.0,5.0,7.0
jharsuguda,2024-06-08,43.0,,,,,
jharsuguda,2024-06-09,68.0,29.0,10.0,8.0,9.0,6.0
jharsuguda,2024-06-10,93.0,57.0,10.0,4.0,7.0,5.0
jharsuguda,2024-06-11,120.0,76.0,11.0,3.0,10.0,2.0
jharsuguda,2024-06-12,108.0,63.0,26.0,2.0,3.0,3.0
jharsuguda,2024-07-01,121.0,93.0,10.0,5.0,7.0,13.0
jharsuguda,2024-07-02,,,7.0,42.0,5.0,9.0
jharsuguda,2024-07-03,58.0,40.0,7.0,6.0,5.0,11.0
jharsuguda,2024-07-04,93.0,32.0,7.0,6.0,8.0,13.0
jharsuguda,2024-07-05,66.0,43.0,12.0,5.0,13.0,18.0
jharsuguda,2024-07-06,108.0,60.0,55.0,8.0,1.0,5.0
jharsuguda,2024-07-07,31.0,35.0,80.0,7.0,4.0,7.0
jharsuguda,2024-07-08,,27.0,11.0,9.0,9.0,5.0
jharsuguda,2024-07-09,52.0,15.0,10.0,8.0,9.0,7.0
jharsuguda,2024-07-10,89.0,59.0,10.0,4.0,8.0,5.0
jharsuguda,2024-07-11,121.0,79.0,11.0,3.0,10.0,2.0
jharsuguda,2024-07-12,98.0,59.0,18.0,1.0,3.0,3.0
jharsuguda,2024-08-01,144.0,86.0,7.0,4.0,6.0,13.0
jharsuguda,2024-08-02,,,8.0,30.0,5.0,11.0
jharsuguda,2024-08-03,67.0,58.0,7.0,5.0,5.0,12.0
jharsuguda,2024-08-04,56.0,43.0,8.0,4.0,8.0,13.0
jharsuguda,2024-08-05,67.0,54.0,5.0,5.0,12.0,14.0
jharsuguda,2024-08-06,96.0,38.0,11.0,7.0,1.0,6.0
jharsuguda,2024-08-07,60.0,29.0,51.0,8.0,5.0,7.0
jharsuguda,2024-08-08,50.0,25.0,10.0,9.0,9.0,6.0
jharsuguda,2024-08-09,28.0,2.0,11.0,8.0,9.0,8.0
jharsuguda,2024-08-10,93.0,66.0,10.0,3.0,11.0,3.0
jharsuguda,2024-08-11,128.0,85.0,10.0,3.0,10.0,2.0
jharsuguda,2024-08-12,93.0,69.0,18.0,2.0,3.0,2.0
jharsuguda,2024-09-01,140.0,84.0,9.0,5.0,7.0,13.0
jharsuguda,2024-09-02,,105.0,8.0,31.0,5.0,15.0
jharsuguda,2024-09-03,87.0,71.0,8.0,5.0,6.0,14.0
jharsuguda,2024-09-04,70.0,69.0,7.0,5.0,8.0,15.0
jharsuguda,2024-09-05,85.0,49.0,15.0,5.0,13.0,16.0
jharsuguda,2024-09-06,63.0,61.0,47.0,7.0,2.0,4.0
jharsuguda,2024-09-07,53.0,,,,,
jharsuguda,2024-09-08,45.0,23.0,10.0,8.0,9.0,7.0
jharsuguda,2024-09-09,5.0,4.0,10.0,8.0,8.0,7.0
jharsuguda,2024-09-10,106.0,46.0,10.0,3.0,10.0,6.0
jharsuguda,2024-09-11,134.0,66.0,10.0,3.0,10.0,3.0
jharsuguda,2024-09-12,111.0,66.0,27.0,2.0,3.0,3.0
jharsuguda,2024-10-01,136.0,62.0,8.0,4.0,4.0,9.0
jharsuguda,2024-10-02,149.0,68.0,8.0,8.0,5.0,12.0
jharsuguda,2024-10-03,109.0,73.0,6.0,5.0,6.0,15.0
jharsuguda,2024-10-04,109.0,38.0,7.0,5.0,8.0,15.0
jharsuguda,2024-10-05,77.0,46.0,33.0,5.0,12.0,16.0
jharsuguda,2024-10-06,97.0,53.0,39.0,7.0,4.0,4.0
jharsuguda,2024-10-07,,18.0,,8.0,5.0,6.0
jharsuguda,2024-10-08,41.0,31.0,10.0,8.0,9.0,6.0
jharsuguda,2024-10-09,8.0,37.0,10.0,8.0,8.0,5.0
jharsuguda,2024-10-10,75.0,47.0,10.0,3.0,9.0,5.0
jharsuguda,2024-10-11,106.0,56.0,11.0,3.0,10.0,4.0
jharsuguda,2024-10-12,105.0,78.0,40.0,3.0,5.0,2.0
jharsuguda,2024-11-01,96.0,56.0,8.0,5.0,6.0,10.0
jharsuguda,2024-11-02,111.0,37.0,7.0,6.0,5.0,10.0
jharsuguda,2024-11-03,119.0,118.0,7.0,5.0,6.0,17.0
jharsuguda,2024-11-04,64.0,,,,,
jharsuguda,2024-11-05,73.0,,,,,
jharsuguda,2024-11-06,84.0,59.0,57.0,5.0,5.0,6.0
jharsuguda,2024-11-07,34.0,29.0,,8.0,5.0,6.0
jharsuguda,2024-11-08,52.0,27.0,10.0,8.0,9.0,6.0
jharsuguda,2024-11-09,51.0,59.0,10.0,8.0,8.0,6.0
jharsuguda,2024-11-10,74.0,47.0,10.0,4.0,9.0,5.0
jharsuguda,2024-11-11,89.0,56.0,10.0,2.0,10.0,3.0
jharsuguda,2024-11-12,121.0,75.0,37.0,3.0,7.0,2.0
jharsuguda,2024-12-01,88.0,55.0,7.0,5.0,6.0,11.0
jharsuguda,2024-12-02,60.0,70.0,8.0,6.0,5.0,13.0
jharsuguda,2024-12-03,158.0,83.0,8.0,5.0,6.0,14.0
jharsuguda,2024-12-04,,52.0,7.0,5.0,8.0,14.0
jharsuguda,2024-12-05,,40.0,22.0,5.0,10.0,15.0
jharsuguda,2024-12-06,97.0,57.0,67.0,5.0,6.0,7.0
jharsuguda,2024-12-07,50.0,35.0,,8.0,5.0,6.0
jharsuguda,2024-12-08,49.0,29.0,10.0,8.0,8.0,6.0
jharsuguda,2024-12-09,60.0,29.0,10.0,8.0,8.0,6.0
jharsuguda,2024-12-10,78.0,60.0,10.0,3.0,9.0,5.0
jharsuguda,2024-12-11,91.0,63.0,11.0,2.0,10.0,3.0
jharsuguda,2024-12-12,119.0,74.0,38.0,,8.0,2.0
jharsuguda,2025-01-01,135.0,61.0,18.0,,7.0,2.0
jharsuguda,2025-01-02,138.0,89.0,43.0,3.0,6.0,
jharsuguda,2025-01-03,144.0,106.0,29.0,3.0,3.0,6.0
jharsuguda,2025-01-04,129.0,75.0,21.0,3.0,3.0,8.0
jharsuguda,2025-01-05,74.0,47.0,34.0,3.0,3.0,11.0
jharsuguda,2025-01-06,118.0,68.0,19.0,5.0,5.0,13.0
jharsuguda,2025-01-07,51.0,21.0,5.0,3.0,6.0,13.0
jharsuguda,2025-01-08,59.0,54.0,10.0,3.0,6.0,13.0
jharsuguda,2025-01-09,61.0,39.0,10.0,6.0,6.0,8.0
jharsuguda,2025-01-10,96.0,13.0,10.0,42.0,6.0,2.0
jharsuguda,2025-01-11,58.0,53.0,10.0,2.0,6.0,3.0
jharsuguda,2025-01-12,101.0,80.0,11.0,4.0,6.0,2.0
jharsuguda,2025-02-01,96.0,71.0,23.0,,7.0,2.0
jharsuguda,2025-02-02,144.0,85.0,43.0,3.0,6.0,6.0
jharsuguda,2025-02-03,153.0,81.0,27.0,3.0,4.0,8.0
jharsuguda,2025-02-04,124.0,54.0,11.0,3.0,3.0,9.0
jharsuguda,2025-02-05,75.0,51.0,27.0,4.0,2.0,10.0
jharsuguda,2025-02-06,108.0,49.0,101.0,4.0,5.0,13.0
jharsuguda,2025-02-07,40.0,21.0,5.0,2.0,6.0,12.0
jharsuguda,2025-02-08,86.0,42.0,10.0,5.0,6.0,12.0
jharsuguda,2025-02-09,64.0,15.0,10.0,6.0,6.0,11.0
jharsuguda,2025-02-10,20.0,8.0,10.0,8.0,6.0,2.0
jharsuguda,2025-02-11,87.0,66.0,11.0,9.0,6.0,2.0
jharsuguda,2025-02-12,114.0,76.0,11.0,23.0,6.0,2.0
jharsuguda,2025-03-01,108.0,82.0,27.0,,7.0,1.0
jharsuguda,2025-03-02,131.0,70.0,39.0,3.0,6.0,10.0
jharsuguda,2025-03-03,126.0,80.0,31.0,3.0,2.0,9.0
jharsuguda,2025-03-04,85.0,59.0,12.0,4.0,3.0,9.0
jharsuguda,2025-03-05,79.0,43.0,26.0,4.0,2.0,10.0
jharsuguda,2025-03-06,80.0,42.0,9.0,5.0,5.0,15.0
jharsuguda,2025-03-07,38.0,31.0,4.0,4.0,6.0,11.0
jharsuguda,2025-03-08,69.0,55.0,10.0,4.0,6.0,11.0
jharsuguda,2025-03-09,29.0,15.0,10.0,7.0,6.0,8.0
jharsuguda,2025-03-10,16.0,20.0,10.0,6.0,6.0,2.0
jharsuguda,2025-03-11,104.0,74.0,10.0,12.0,5.0,2.0
jharsuguda,2025-03-12,116.0,65.0,10.0,70.0,6.0,2.0
jharsuguda,2025-04-01,123.0,77.0,23.0,,7.0,1.0
jharsuguda,2025-04-02,113.0,82.0,46.0,3.0,6.0,10.0
jharsuguda,2025-04-03,123.0,80.0,30.0,3.0,2.0,9.0
jharsuguda,2025-04-04,94.0,73.0,18.0,6.0,3.0,8.0
jharsuguda,2025-04-05,70.0,55.0,28.0,4.0,2.0,9.0
jharsuguda,2025-04-06,68.0,27.0,46.0,5.0,5.0,17.0
jharsuguda,2025-04-07,54.0,24.0,5.0,4.0,6.0,13.0
jharsuguda,2025-04-08,87.0,63.0,10.0,3.0,6.0,11.0
jharsuguda,2025-04-09,30.0,28.0,10.0,4.0,6.0,1.0
jharsuguda,2025-04-10,39.0,38.0,10.0,2.0,6.0,1.0
jharsuguda,2025-04-11,117.0,90.0,11.0,8.0,5.0,1.0
jharsuguda,2025-04-12,102.0,100.0,11.0,49.0,7.0,2.0
jharsuguda,2025-05-01,123.0,86.0,24.0,1.0,7.0,
jharsuguda,2025-05-02,126.0,71.0,36.0,4.0,6.0,10.0
jharsuguda,2025-05-03,129.0,69.0,31.0,3.0,2.0,10.0
jharsuguda,2025-05-04,119.0,73.0,18.0,6.0,3.0,7.0
jharsuguda,2025-05-05,86.0,44.0,45.0,4.0,4.0,11.0
jharsuguda,2025-05-06,46.0,67.0,43.0,5.0,5.0,14.0
jharsuguda,2025-05-07,43.0,11.0,2.0,4.0,6.0,15.0
jharsuguda,2025-05-08,103.0,46.0,10.0,6.0,6.0,11.0
jharsuguda,2025-05-09,50.0,46.0,11.0,4.0,6.0,1.0
jharsuguda,2025-05-10,65.0,45.0,10.0,5.0,6.0,1.0
jharsuguda,2025-05-11,139.0,71.0,10.0,9.0,5.0,1.0
jharsuguda,2025-05-12,122.0,72.0,11.0,4.0,7.0,2.0
jharsuguda,2025-06-01,128.0,84.0,28.0,,7.0,1.0
jharsuguda,2025-06-02,114.0,51.0,22.0,3.0,6.0,12.0
jharsuguda,2025-06-03,111.0,93.0,30.0,3.0,2.0,9.0
jharsuguda,2025-06-04,119.0,82.0,25.0,6.0,3.0,8.0
jharsuguda,2025-06-05,71.0,67.0,31.0,5.0,4.0,9.0
jharsuguda,2025-06-06,107.0,54.0,38.0,5.0,5.0,15.0
jharsuguda,2025-06-07,22.0,15.0,4.0,4.0,6.0,13.0
jharsuguda,2025-06-08,77.0,48.0,10.0,9.0,6.0,10.0
jharsuguda,2025-06-09,72.0,36.0,10.0,5.0,6.0,1.0
jharsuguda,2025-06-10,74.0,62.0,10.0,8.0,6.0,1.0
jharsuguda,2025-06-11,112.0,69.0,10.0,4.0,5.0,2.0
jharsuguda,2025-06-12,109.0,71.0,11.0,34.0,6.0,2.0
jharsuguda,2025-07-01,136.0,57.0,24.0,3.0,7.0,1.0
jharsuguda,2025-07-02,84.0,62.0,29.0,3.0,6.0,11.0
jharsuguda,2025-07-03,139.0,109.0,36.0,3.0,2.0,6.0
jharsuguda,2025-07-04,131.0,50.0,20.0,5.0,3.0,11.0
jharsuguda,2025-07-05,107.0,51.0,28.0,5.0,4.0,10.0
jharsuguda,2025-07-06,85.0,55.0,40.0,5.0,5.0,15.0
jharsuguda,2025-07-07,30.0,17.0,2.0,4.0,6.0,14.0
jharsuguda,2025-07-08,79.0,26.0,10.0,6.0,6.0,12.0
jharsuguda,2025-07-09,61.0,52.0,10.0,5.0,6.0,1.0
jharsuguda,2025-07-10,96.0,57.0,10.0,3.0,6.0,2.0
jharsuguda,2025-07-11,108.0,71.0,11.0,20.0,5.0,1.0
jharsuguda,2025-07-12,109.0,87.0,11.0,44.0,7.0,1.0
jharsuguda,2025-08-01,93.0,70.0,32.0,4.0,7.0,1.0
jharsuguda,2025-08-02,100.0,56.0,33.0,2.0,6.0,11.0
jharsuguda,2025-08-03,158.0,96.0,35.0,3.0,2.0,7.0
jharsuguda,2025-08-04,82.0,47.0,15.0,6.0,4.0,12.0
jharsuguda,2025-08-05,85.0,65.0,30.0,5.0,4.0,8.0
jharsuguda,2025-08-06,86.0,56.0,27.0,4.0,5.0,10.0
jharsuguda,2025-08-07,33.0,16.0,8.0,4.0,6.0,11.0
jharsuguda,2025-08-08,45.0,38.0,10.0,6.0,6.0,13.0
jharsuguda,2025-08-09,87.0,63.0,10.0,3.0,6.0,1.0
jharsuguda,2025-08-10,94.0,34.0,10.0,5.0,6.0,4.0
jharsuguda,2025-08-11,110.0,76.0,11.0,12.0,5.0,1.0
jharsuguda,2025-08-12,129.0,76.0,11.0,38.0,7.0,1.0
jharsuguda,2025-09-01,107.0,79.0,47.0,,7.0,
jharsuguda,2025-09-02,90.0,91.0,49.0,3.0,6.0,8.0
jharsuguda,2025-09-03,144.0,99.0,29.0,3.0,3.0,8.0
jharsuguda,2025-09-04,76.0,40.0,19.0,5.0,4.0,12.0
jharsuguda,2025-09-05,104.0,86.0,32.0,4.0,4.0,7.0
jharsuguda,2025-09-06,92.0,43.0,32.0,5.0,5.0,13.0
jharsuguda,2025-09-07,31.0,22.0,8.0,3.0,6.0,11.0
jharsuguda,2025-09-08,62.0,37.0,10.0,2.0,6.0,13.0
jharsuguda,2025-09-09,100.0,49.0,10.0,4.0,6.0,1.0
jharsuguda,2025-09-10,58.0,45.0,10.0,5.0,6.0,4.0
jharsuguda,2025-09-11,118.0,81.0,11.0,16.0,6.0,
jharsuguda,2025-09-12,118.0,69.0,11.0,38.0,7.0,3.0
jharsuguda,2025-10-01,128.0,134.0,15.0,1.0,7.0,
jharsuguda,2025-10-02,135.0,96.0,43.0,3.0,6.0,7.0
jharsuguda,2025-10-03,145.0,95.0,28.0,3.0,4.0,6.0
jharsuguda,2025-10-04,66.0,47.0,26.0,5.0,4.0,11.0
jharsuguda,2025-10-05,134.0,75.0,43.0,4.0,4.0,6.0
jharsuguda,2025-10-06,70.0,37.0,15.0,5.0,5.0,14.0
jharsuguda,2025-10-07,41.0,27.0,10.0,3.0,6.0,13.0
jharsuguda,2025-10-08,61.0,47.0,10.0,4.0,6.0,13.0
jharsuguda,2025-10-09,79.0,28.0,10.0,5.0,6.0,2.0
jharsuguda,2025-10-10,74.0,63.0,10.0,6.0,6.0,4.0
jharsuguda,2025-10-11,127.0,85.0,11.0,16.0,5.0,1.0
jharsuguda,2025-10-12,105.0,78.0,12.0,8.0,7.0,2.0
jharsuguda,2025-11-01,171.0,96.0,38.0,1.0,7.0,
jharsuguda,2025-11-02,149.0,82.0,41.0,3.0,7.0,10.0
jharsuguda,2025-11-03,146.0,128.0,35.0,3.0,3.0,5.0
jharsuguda,2025-11-04,77.0,54.0,29.0,5.0,4.0,12.0
jharsuguda,2025-11-05,120.0,69.0,42.0,5.0,4.0,7.0
jharsuguda,2025-11-06,60.0,38.0,16.0,5.0,5.0,15.0
jharsuguda,2025-11-07,47.0,29.0,15.0,1.0,6.0,12.0
jharsuguda,2025-11-08,78.0,91.0,10.0,9.0,6.0,11.0
jharsuguda,2025-11-09,50.0,28.0,10.0,6.0,6.0,2.0
jharsuguda,2025-11-10,95.0,68.0,10.0,5.0,6.0,2.0
jharsuguda,2025-11-11,137.0,81.0,11.0,11.0,5.0,2.0
jharsuguda,2025-11-12,119.0,80.0,11.0,8.0,7.0,2.0
jharsuguda,2025-12-01,148.0,86.0,35.0,3.0,7.0,
jharsuguda,2025-12-02,133.0,68.0,35.0,3.0,7.0,10.0
jharsuguda,2025-12-03,166.0,122.0,37.0,3.0,3.0,3.0
jharsuguda,2025-12-04,87.0,52.0,31.0,5.0,4.0,11.0
jharsuguda,2025-12-05,106.0,61.0,37.0,4.0,4.0,9.0
jharsuguda,2025-12-06,60.0,43.0,23.0,5.0,5.0,14.0
jharsuguda,2025-12-07,50.0,31.0,25.0,,6.0,10.0
jharsuguda,2025-12-08,109.0,36.0,10.0,5.0,6.0,12.0
jharsuguda,2025-12-09,46.0,25.0,10.0,6.0,6.0,2.0
jharsuguda,2025-12-10,103.0,65.0,10.0,4.0,6.0,3.0
jharsuguda,2025-12-11,127.0,76.0,11.0,19.0,5.0,1.0
jharsuguda,2025-12-12,123.0,71.0,11.0,8.0,7.0,3.0
jharsuguda,2026-01-01,150.0,94.0,10.0,14.0,7.0,1.0
jharsuguda,2026-01-02,138.0,77.0,12.0,10.0,7.0,7.0
jharsuguda,2026-01-03,,70.0,13.0,6.0,8.0,7.0
jharsuguda,2026-01-04,79.0,88.0,28.0,3.0,12.0,4.0
jharsuguda,2026-01-05,60.0,54.0,24.0,4.0,8.0,5.0
jharsuguda,2026-02-01,143.0,85.0,10.0,4.0,7.0,2.0
jharsuguda,2026-02-02,107.0,62.0,11.0,8.0,8.0,6.0
jharsuguda,2026-02-03,107.0,71.0,11.0,4.0,8.0,6.0
jharsuguda,2026-02-04,121.0,73.0,23.0,4.0,8.0,5.0
jharsuguda,2026-02-05,85.0,41.0,26.0,5.0,8.0,6.0
jharsuguda,2026-03-01,130.0,85.0,10.0,10.0,7.0,3.0
jharsuguda,2026-03-02,99.0,107.0,11.0,11.0,7.0,7.0
jharsuguda,2026-03-03,114.0,,,,,
jharsuguda,2026-03-04,117.0,50.0,28.0,4.0,7.0,7.0
jharsuguda,2026-03-05,67.0,36.0,24.0,5.0,8.0,6.0
jharsuguda,2026-04-01,127.0,69.0,10.0,34.0,7.0,4.0
jharsuguda,2026-04-02,140.0,88.0,12.0,10.0,7.0,7.0
jharsuguda,2026-04-03,,85.0,21.0,4.0,8.0,5.0
jharsuguda,2026-04-04,82.0,,,,,
jharsuguda,2026-04-05,60.0,21.0,17.0,5.0,8.0,7.0
jharsuguda,2026-05-01,111.0,65.0,12.0,21.0,7.0,5.0
jharsuguda,2026-05-02,124.0,91.0,12.0,10.0,7.0,7.0
jharsuguda,2026-05-03,131.0,133.0,58.0,6.0,7.0,7.0
jharsuguda,2026-05-04,,35.0,17.0,4.0,8.0,8.0
jharsuguda,2026-05-05,38.0,,,,,
jharsuguda,2026-06-01,103.0,76.0,12.0,7.0,7.0,5.0
jharsuguda,2026-06-02,137.0,66.0,11.0,9.0,8.0,6.0
jharsuguda,2026-06-03,142.0,195.0,70.0,12.0,8.0,5.0
jharsuguda,2026-06-04,58.0,36.0,18.0,4.0,7.0,7.0
jharsuguda,2026-07-01,118.0,64.0,12.0,7.0,7.0,8.0
jharsuguda,2026-07-02,108.0,85.0,11.0,9.0,8.0,5.0
jharsuguda,2026-07-03,196.0,98.0,80.0,14.0,7.0,6.0
jharsuguda,2026-07-04,60.0,42.0,19.0,4.0,7.0,7.0
jharsuguda,2026-08-01,98.0,67.0,11.0,6.0,7.0,8.0
jharsuguda,2026-08-02,137.0,,,,,
jharsuguda,2026-08-03,135.0,105.0,40.0,14.0,7.0,6.0
jharsuguda,2026-08-04,68.0,39.0,17.0,4.0,8.0,8.0
jharsuguda,2026-09-01,103.0,71.0,11.0,5.0,7.0,9.0
jharsuguda,2026-09-03,154.0,91.0,47.0,21.0,7.0,4.0
jharsuguda,2026-09-04,67.0,63.0,20.0,4.0,8.0,7.0
jharsuguda,2026-10-01,112.0,77.0,11.0,5.0,7.0,8.0
jharsuguda,2026-10-03,142.0,96.0,33.0,15.0,7.0,6.0
jharsuguda,2026-10-04,99.0,75.0,19.0,4.0,8.0,5.0
jharsuguda,2026-11-01,109.0,105.0,12.0,5.0,8.0,9.0
jharsuguda,2026-11-03,145.0,82.0,66.0,2.0,8.0,7.0
jharsuguda,2026-11-04,117.0,88.0,25.0,3.0,10.0,3.0
jharsuguda,2026-11-05,,69.0,19.0,4.0,9.0,5.0
jharsuguda,2026-12-01,134.0,92.0,12.0,5.0,8.0,7.0
jharsuguda,2026-12-02,,109.0,11.0,6.0,8.0,8.0
jharsuguda,2026-12-03,121.0,120.0,64.0,6.0,7.0,4.0
jharsuguda,2026-12-04,137.0,86.0,22.0,4.0,9.0,3.0
jharsuguda,2026-12-05,114.0,95.0,23.0,4.0,9.0,6.0
talcher,2018-01-12,166.0,351.0,4.0,,9.0,17.0
talcher,2018-02-12,177.0,325.0,3.0,,9.0,22.0
talcher,2018-03-12,169.0,235.0,4.0,,7.0,19.0
talcher,2018-04-12,173.0,194.0,4.0,,10.0,24.0
talcher,2018-05-12,186.0,301.0,2.0,,7.0,21.0
talcher,2018-06-12,210.0,195.0,4.0,,10.0,21.0
talcher,2018-07-12,171.0,158.0,4.0,,12.0,20.0
talcher,2018-08-12,165.0,201.0,3.0,,10.0,20.0
talcher,2018-09-12,186.0,176.0,3.0,,7.0,19.0
talcher,2018-10-12,173.0,156.0,4.0,,7.0,15.0
talcher,2018-11-12,168.0,,,,,
talcher,2019-01-01,179.0,263.0,7.0,2.0,18.0,42.0
talcher,2019-01-02,171.0,318.0,5.0,,14.0,28.0
talcher,2019-01-03,86.0,133.0,1.0,,14.0,20.0
talcher,2019-01-05,68.0,52.0,1.0,5.0,10.0,10.0
talcher,2019-01-06,129.0,61.0,3.0,4.0,12.0,9.0
talcher,2019-01-07,78.0,47.0,,2.0,13.0,14.0
talcher,2019-01-08,29.0,50.0,2.0,4.0,18.0,15.0
talcher,2019-01-10,91.0,,,,17.0,4.0
talcher,2019-01-11,85.0,50.0,8.0,1.0,17.0,25.0
talcher,2019-01-12,160.0,166.0,23.0,18.0,18.0,8.0
talcher,2019-02-01,219.0,282.0,7.0,2.0,16.0,38.0
talcher,2019-02-02,169.0,331.0,4.0,,14.0,28.0
talcher,2019-02-03,101.0,194.0,5.0,,15.0,25.0
talcher,2019-02-05,56.0,85.0,3.0,5.0,13.0,17.0
talcher,2019-02-06,65.0,86.0,2.0,4.0,11.0,8.0
talcher,2019-02-07,61.0,60.0,1.0,2.0,13.0,13.0
talcher,2019-02-08,61.0,38.0,,4.0,18.0,16.0
talcher,2019-02-09,,46.0,,1.0,25.0,13.0
talcher,2019-02-10,89.0,,,,15.0,3.0
talcher,2019-02-11,112.0,67.0,6.0,,18.0,26.0
talcher,2019-02-12,159.0,159.0,18.0,18.0,15.0,13.0
talcher,2019-03-01,205.0,286.0,6.0,1.0,15.0,36.0
talcher,2019-03-02,172.0,269.0,6.0,,11.0,25.0
talcher,2019-03-03,127.0,118.0,5.0,,14.0,25.0
talcher,2019-03-04,,85.0,3.0,6.0,13.0,8.0
talcher,2019-03-05,79.0,59.0,2.0,5.0,12.0,15.0
talcher,2019-03-06,92.0,74.0,3.0,3.0,12.0,10.0
talcher,2019-03-07,66.0,34.0,1.0,2.0,13.0,13.0
talcher,2019-03-08,46.0,28.0,,4.0,18.0,13.0
talcher,2019-03-09,65.0,50.0,,3.0,26.0,12.0
talcher,2019-03-10,,,5.0,,15.0,4.0
talcher,2019-03-11,160.0,57.0,6.0,,17.0,24.0
talcher,2019-03-12,169.0,132.0,21.0,9.0,13.0,6.0
talcher,2019-04-01,210.0,248.0,5.0,1.0,16.0,36.0
talcher,2019-04-02,156.0,374.0,5.0,,13.0,30.0
talcher,2019-04-03,94.0,91.0,3.0,,13.0,21.0
talcher,2019-04-04,82.0,154.0,5.0,6.0,12.0,10.0
talcher,2019-04-05,106.0,105.0,3.0,6.0,11.0,13.0
talcher,2019-04-06,76.0,79.0,5.0,4.0,11.0,7.0
talcher,2019-04-07,60.0,48.0,,1.0,14.0,18.0
talcher,2019-04-08,33.0,43.0,1.0,5.0,18.0,15.0
talcher,2019-04-09,101.0,43.0,,,5.0,12.0
talcher,2019-04-11,129.0,55.0,5.0,,17.0,22.0
talcher,2019-04-12,141.0,197.0,23.0,14.0,12.0,14.0
talcher,2019-05-01,202.0,268.0,3.0,2.0,16.0,37.0
talcher,2019-05-02,168.0,342.0,6.0,1.0,9.0,25.0
talcher,2019-05-03,81.0,144.0,5.0,,13.0,23.0
talcher,2019-05-04,121.0,88.0,4.0,6.0,12.0,8.0
talcher,2019-05-05,101.0,109.0,3.0,6.0,11.0,14.0
talcher,2019-05-06,84.0,,,,,
talcher,2019-05-07,91.0,32.0,,1.0,14.0,14.0
talcher,2019-05-08,50.0,45.0,1.0,2.0,18.0,16.0
talcher,2019-05-09,66.0,30.0,1.0,1.0,1.0,11.0
talcher,2019-05-11,118.0,173.0,5.0,,17.0,19.0
talcher,2019-05-12,144.0,197.0,18.0,14.0,13.0,23.0
talcher,2019-06-01,210.0,289.0,3.0,2.0,16.0,37.0
talcher,2019-06-02,165.0,258.0,3.0,,8.0,23.0
talcher,2019-06-03,121.0,261.0,5.0,,14.0,27.0
talcher,2019-06-04,87.0,72.0,4.0,6.0,11.0,6.0
talcher,2019-06-05,101.0,135.0,10.0,5.0,12.0,18.0
talcher,2019-06-06,,70.0,2.0,4.0,10.0,9.0
talcher,2019-06-07,47.0,57.0,,2.0,14.0,14.0
talcher,2019-06-08,74.0,41.0,,,20.0,16.0
talcher,2019-06-09,55.0,,,,,
talcher,2019-06-11,111.0,402.0,5.0,,18.0,18.0
talcher,2019-06-12,158.0,203.0,18.0,15.0,11.0,22.0
talcher,2019-07-01,199.0,153.0,4.0,2.0,11.0,29.0
talcher,2019-07-02,159.0,191.0,3.0,,4.0,16.0
talcher,2019-07-03,145.0,276.0,7.0,,14.0,29.0
talcher,2019-07-04,65.0,66.0,3.0,6.0,11.0,6.0
talcher,2019-07-05,129.0,136.0,9.0,5.0,12.0,18.0
talcher,2019-07-06,63.0,75.0,3.0,1.0,12.0,7.0
talcher,2019-07-07,73.0,75.0,,2.0,15.0,16.0
talcher,2019-07-08,65.0,33.0,,1.0,21.0,14.0
talcher,2019-07-09,,40.0,,3.0,10.0,9.0
talcher,2019-07-11,121.0,391.0,5.0,,18.0,14.0
talcher,2019-07-12,163.0,171.0,4.0,14.0,10.0,23.0
talcher,2019-08-01,168.0,173.0,3.0,2.0,10.0,31.0
talcher,2019-08-02,139.0,155.0,3.0,,4.0,17.0
talcher,2019-08-03,125.0,203.0,4.0,,15.0,27.0
talcher,2019-08-04,62.0,118.0,5.0,6.0,12.0,12.0
talcher,2019-08-05,132.0,132.0,7.0,5.0,12.0,15.0
talcher,2019-08-06,93.0,83.0,6.0,1.0,11.0,9.0
talcher,2019-08-07,75.0,79.0,,1.0,15.0,14.0
talcher,2019-08-08,49.0,53.0,1.0,3.0,21.0,14.0
talcher,2019-08-09,79.0,43.0,,3.0,11.0,10.0
talcher,2019-08-10,,,6.0,4.0,14.0,8.0
talcher,2019-08-11,134.0,59.0,4.0,,17.0,10.0
talcher,2019-08-12,152.0,185.0,11.0,15.0,9.0,23.0
talcher,2019-09-01,176.0,262.0,3.0,2.0,13.0,31.0
talcher,2019-09-02,133.0,221.0,6.0,,6.0,21.0
talcher,2019-09-03,148.0,,6.0,,13.0,23.0
talcher,2019-09-04,116.0,101.0,3.0,6.0,13.0,13.0
talcher,2019-09-05,110.0,130.0,7.0,5.0,12.0,16.0
talcher,2019-09-06,91.0,74.0,7.0,3.0,11.0,8.0
talcher,2019-09-07,73.0,71.0,,1.0,15.0,12.0
talcher,2019-09-08,59.0,60.0,1.0,3.0,20.0,18.0
talcher,2019-09-09,79.0,48.0,,3.0,18.0,8.0
talcher,2019-09-10,,44.0,4.0,4.0,14.0,8.0
talcher,2019-09-11,103.0,56.0,5.0,,16.0,9.0
talcher,2019-09-12,161.0,154.0,9.0,15.0,8.0,21.0
talcher,2019-10-01,189.0,187.0,4.0,2.0,,23.0
talcher,2019-10-02,141.0,234.0,7.0,,5.0,19.0
talcher,2019-10-03,,,11.0,,14.0,28.0
talcher,2019-10-04,131.0,102.0,8.0,6.0,12.0,11.0
talcher,2019-10-05,110.0,106.0,3.0,5.0,13.0,14.0
talcher,2019-10-06,87.0,100.0,6.0,3.0,11.0,9.0
talcher,2019-10-07,64.0,67.0,,2.0,15.0,11.0
talcher,2019-10-08,64.0,70.0,1.0,3.0,20.0,17.0
talcher,2019-10-09,75.0,61.0,,2.0,15.0,10.0
talcher,2019-10-10,62.0,45.0,5.0,4.0,13.0,9.0
talcher,2019-10-11,72.0,115.0,5.0,2.0,17.0,14.0
talcher,2019-10-12,160.0,193.0,13.0,15.0,8.0,23.0
talcher,2019-11-01,188.0,205.0,3.0,1.0,,26.0
talcher,2019-11-02,135.0,300.0,5.0,,7.0,25.0
talcher,2019-11-03,,,3.0,,14.0,23.0
talcher,2019-11-04,112.0,141.0,9.0,6.0,12.0,15.0
talcher,2019-11-05,101.0,92.0,3.0,5.0,12.0,16.0
talcher,2019-11-06,105.0,84.0,10.0,2.0,11.0,8.0
talcher,2019-11-07,56.0,77.0,1.0,2.0,15.0,12.0
talcher,2019-11-08,70.0,61.0,1.0,2.0,19.0,18.0
talcher,2019-11-09,87.0,41.0,,2.0,9.0,9.0
talcher,2019-11-10,77.0,49.0,8.0,3.0,13.0,16.0
talcher,2019-11-11,98.0,144.0,5.0,4.0,19.0,14.0
talcher,2019-11-12,167.0,160.0,7.0,15.0,7.0,22.0
talcher,2019-12-01,192.0,222.0,5.0,1.0,,30.0
talcher,2019-12-02,162.0,382.0,7.0,,14.0,29.0
talcher,2019-12-03,63.0,292.0,17.0,5.0,13.0,27.0
talcher,2019-12-04,128.0,89.0,13.0,6.0,12.0,11.0
talcher,2019-12-05,108.0,144.0,4.0,5.0,13.0,18.0
talcher,2019-12-06,79.0,68.0,9.0,1.0,12.0,12.0
talcher,2019-12-07,70.0,87.0,,2.0,16.0,14.0
talcher,2019-12-08,79.0,,,2.0,19.0,18.0
talcher,2019-12-09,76.0,41.0,,2.0,5.0,9.0
talcher,2019-12-10,99.0,47.0,6.0,3.0,15.0,17.0
talcher,2019-12-11,127.0,128.0,5.0,4.0,19.0,16.0
talcher,2019-12-12,146.0,88.0,14.0,16.0,4.0,12.0
talcher,2020-01-01,214.0,170.0,,8.0,13.0,15.0
talcher,2020-01-02,178.0,108.0,28.0,2.0,5.0,2.0
talcher,2020-01-03,156.0,95.0,16.0,1.0,23.0,18.0
talcher,2020-01-04,110.0,61.0,45.0,1.0,,16.0
talcher,2020-01-05,81.0,,,,,
talcher,2020-01-06,69.0,51.0,,7.0,15.0,16.0
talcher,2020-01-07,72.0,17.0,20.0,8.0,7.0,8.0
talcher,2020-01-08,88.0,73.0,27.0,9.0,11.0,13.0
talcher,2020-01-09,67.0,67.0,20.0,11.0,9.0,2.0
talcher,2020-01-10,76.0,60.0,12.0,2.0,7.0,5.0
talcher,2020-01-11,92.0,70.0,46.0,55.0,15.0,13.0
talcher,2020-01-12,145.0,96.0,37.0,13.0,23.0,15.0
talcher,2020-02-01,182.0,999.0,4.0,7.0,11.0,13.0
talcher,2020-02-02,173.0,84.0,28.0,2.0,4.0,
talcher,2020-02-03,164.0,65.0,1.0,1.0,24.0,11.0
talcher,2020-02-04,110.0,45.0,69.0,2.0,,17.0
talcher,2020-02-05,,32.0,39.0,8.0,,17.0
talcher,2020-02-06,93.0,53.0,,8.0,4.0,19.0
talcher,2020-02-07,50.0,13.0,21.0,8.0,7.0,6.0
talcher,2020-02-08,81.0,63.0,16.0,9.0,13.0,15.0
talcher,2020-02-09,71.0,65.0,18.0,10.0,9.0,1.0
talcher,2020-02-10,72.0,54.0,11.0,2.0,8.0,6.0
talcher,2020-02-11,106.0,85.0,53.0,55.0,17.0,13.0
talcher,2020-02-12,149.0,99.0,36.0,11.0,24.0,13.0
talcher,2020-03-01,134.0,77.0,6.0,7.0,12.0,12.0
talcher,2020-03-02,154.0,86.0,25.0,2.0,5.0,14.0
talcher,2020-03-03,127.0,49.0,2.0,1.0,26.0,12.0
talcher,2020-03-04,85.0,69.0,48.0,1.0,,21.0
talcher,2020-03-05,64.0,16.0,27.0,7.0,,18.0
talcher,2020-03-06,96.0,75.0,,,,16.0
talcher,2020-03-07,43.0,10.0,17.0,8.0,7.0,7.0
talcher,2020-03-08,71.0,67.0,21.0,9.0,14.0,17.0
talcher,2020-03-09,65.0,76.0,20.0,12.0,13.0,2.0
talcher,2020-03-10,62.0,56.0,16.0,4.0,8.0,7.0
talcher,2020-03-11,130.0,86.0,45.0,55.0,17.0,8.0
talcher,2020-03-12,152.0,102.0,41.0,11.0,18.0,13.0
talcher,2020-04-01,145.0,117.0,7.0,10.0,11.0,14.0
talcher,2020-04-02,154.0,84.0,16.0,1.0,5.0,19.0
talcher,2020-04-03,101.0,20.0,2.0,1.0,25.0,9.0
talcher,2020-04-04,124.0,58.0,49.0,1.0,,17.0
talcher,2020-04-05,49.0,45.0,24.0,7.0,9.0,16.0
talcher,2020-04-06,138.0,52.0,20.0,,13.0,16.0
talcher,2020-04-07,34.0,17.0,12.0,8.0,7.0,11.0
talcher,2020-04-08,83.0,59.0,15.0,10.0,15.0,16.0
talcher,2020-04-09,78.0,79.0,15.0,11.0,12.0,2.0
talcher,2020-04-10,74.0,65.0,19.0,4.0,9.0,7.0
talcher,2020-04-11,129.0,90.0,46.0,44.0,18.0,14.0
talcher,2020-04-12,154.0,112.0,30.0,17.0,34.0,19.0
talcher,2020-05-01,160.0,161.0,15.0,10.0,10.0,16.0
talcher,2020-05-02,146.0,95.0,5.0,2.0,4.0,19.0
talcher,2020-05-03,49.0,23.0,2.0,1.0,23.0,9.0
talcher,2020-05-04,128.0,102.0,45.0,1.0,,24.0
talcher,2020-05-05,120.0,54.0,33.0,7.0,7.0,15.0
talcher,2020-05-06,95.0,48.0,39.0,,15.0,18.0
talcher,2020-05-07,54.0,11.0,18.0,8.0,7.0,8.0
talcher,2020-05-08,73.0,60.0,14.0,8.0,15.0,11.0
talcher,2020-05-09,76.0,76.0,22.0,10.0,8.0,2.0
talcher,2020-05-10,77.0,65.0,33.0,3.0,8.0,6.0
talcher,2020-05-11,140.0,95.0,57.0,57.0,19.0,18.0
talcher,2020-05-12,155.0,109.0,40.0,15.0,23.0,18.0
talcher,2020-06-01,197.0,263.0,14.0,10.0,12.0,27.0
talcher,2020-06-02,165.0,57.0,4.0,,,8.0
talcher,2020-06-03,53.0,19.0,10.0,1.0,23.0,11.0
talcher,2020-06-04,140.0,58.0,56.0,1.0,,19.0
talcher,2020-06-05,122.0,54.0,29.0,7.0,6.0,13.0
talcher,2020-06-06,85.0,,,,,
talcher,2020-06-07,39.0,23.0,11.0,11.0,8.0,12.0
talcher,2020-06-08,69.0,69.0,13.0,9.0,15.0,14.0
talcher,2020-06-09,77.0,71.0,28.0,9.0,7.0,2.0
talcher,2020-06-10,70.0,64.0,20.0,1.0,7.0,5.0
talcher,2020-06-11,144.0,82.0,43.0,78.0,20.0,16.0
talcher,2020-06-12,153.0,99.0,35.0,16.0,22.0,15.0
talcher,2020-07-01,279.0,136.0,13.0,9.0,11.0,14.0
talcher,2020-07-02,117.0,52.0,4.0,,,9.0
talcher,2020-07-03,46.0,35.0,15.0,1.0,22.0,15.0
talcher,2020-07-04,106.0,49.0,29.0,1.0,,19.0
talcher,2020-07-05,117.0,93.0,34.0,8.0,6.0,13.0
talcher,2020-07-06,,78.0,17.0,,12.0,17.0
talcher,2020-07-07,66.0,19.0,14.0,9.0,8.0,9.0
talcher,2020-07-08,71.0,71.0,12.0,11.0,16.0,16.0
talcher,2020-07-09,75.0,69.0,23.0,11.0,9.0,3.0
talcher,2020-07-10,68.0,58.0,30.0,3.0,7.0,5.0
talcher,2020-07-11,124.0,77.0,45.0,61.0,17.0,13.0
talcher,2020-07-12,148.0,90.0,37.0,21.0,23.0,11.0
talcher,2020-08-01,192.0,129.0,12.0,9.0,,13.0
talcher,2020-08-02,105.0,46.0,1.0,1.0,,10.0
talcher,2020-08-03,74.0,39.0,24.0,1.0,18.0,15.0
talcher,2020-08-04,84.0,43.0,52.0,1.0,,16.0
talcher,2020-08-05,119.0,63.0,63.0,7.0,7.0,19.0
talcher,2020-08-06,141.0,,,,,
talcher,2020-08-07,56.0,26.0,13.0,11.0,9.0,12.0
talcher,2020-08-08,75.0,70.0,18.0,10.0,17.0,16.0
talcher,2020-08-09,82.0,67.0,34.0,,17.0,7.0
talcher,2020-08-10,64.0,84.0,18.0,1.0,9.0,6.0
talcher,2020-08-11,119.0,78.0,32.0,48.0,17.0,12.0
talcher,2020-08-12,143.0,86.0,30.0,22.0,20.0,12.0
talcher,2020-09-01,186.0,131.0,11.0,9.0,,15.0
talcher,2020-09-02,96.0,116.0,11.0,2.0,13.0,15.0
talcher,2020-09-03,81.0,39.0,25.0,1.0,17.0,12.0
talcher,2020-09-04,80.0,39.0,14.0,1.0,,19.0
talcher,2020-09-05,181.0,54.0,35.0,7.0,6.0,13.0
talcher,2020-09-07,71.0,36.0,13.0,11.0,10.0,11.0
talcher,2020-09-08,79.0,64.0,16.0,9.0,16.0,11.0
talcher,2020-09-09,109.0,84.0,18.0,16.0,13.0,4.0
talcher,2020-09-10,93.0,65.0,18.0,4.0,7.0,8.0
talcher,2020-09-11,121.0,64.0,30.0,23.0,13.0,13.0
talcher,2020-09-12,136.0,89.0,29.0,22.0,21.0,14.0
talcher,2020-10-01,177.0,178.0,19.0,9.0,1.0,17.0
talcher,2020-10-02,174.0,151.0,26.0,2.0,16.0,18.0
talcher,2020-10-03,81.0,12.0,18.0,1.0,34.0,9.0
talcher,2020-10-04,76.0,,,,,
talcher,2020-10-05,140.0,100.0,50.0,8.0,7.0,16.0
talcher,2020-10-07,79.0,33.0,10.0,11.0,11.0,11.0
talcher,2020-10-08,66.0,68.0,14.0,9.0,15.0,15.0
talcher,2020-10-09,86.0,74.0,23.0,9.0,12.0,3.0
talcher,2020-10-10,75.0,64.0,22.0,4.0,8.0,15.0
talcher,2020-10-11,97.0,73.0,30.0,12.0,13.0,13.0
talcher,2020-10-12,139.0,91.0,36.0,11.0,21.0,14.0
talcher,2020-11-01,194.0,205.0,22.0,9.0,1.0,18.0
talcher,2020-11-02,204.0,118.0,24.0,2.0,15.0,16.0
talcher,2020-11-03,30.0,26.0,9.0,2.0,33.0,11.0
talcher,2020-11-05,129.0,88.0,29.0,7.0,7.0,12.0
talcher,2020-11-07,72.0,37.0,14.0,9.0,12.0,12.0
talcher,2020-11-08,67.0,73.0,13.0,10.0,16.0,16.0
talcher,2020-11-09,77.0,65.0,15.0,,11.0,2.0
talcher,2020-11-10,78.0,51.0,20.0,3.0,7.0,11.0
talcher,2020-11-11,109.0,74.0,21.0,15.0,13.0,13.0
talcher,2020-11-12,144.0,100.0,27.0,21.0,31.0,18.0
talcher,2020-12-01,199.0,274.0,18.0,10.0,1.0,20.0
talcher,2020-12-02,178.0,146.0,20.0,3.0,13.0,15.0
talcher,2020-12-03,58.0,22.0,21.0,5.0,35.0,11.0
talcher,2020-12-05,112.0,71.0,33.0,8.0,7.0,11.0
talcher,2020-12-07,81.0,41.0,10.0,10.0,13.0,12.0
talcher,2020-12-08,75.0,68.0,14.0,9.0,16.0,15.0
talcher,2020-12-09,63.0,63.0,17.0,11.0,7.0,2.0
talcher,2020-12-10,71.0,51.0,16.0,2.0,6.0,9.0
talcher,2020-12-11,111.0,75.0,36.0,18.0,14.0,12.0
talcher,2020-12-12,153.0,98.0,32.0,15.0,21.0,15.0
talcher,2021-01-01,167.0,105.0,16.0,12.0,12.0,10.0
talcher,2021-01-02,141.0,101.0,37.0,1.0,9.0,15.0
talcher,2021-01-03,130.0,75.0,17.0,,1.0,14.0
talcher,2021-01-04,137.0,25.0,19.0,6.0,6.0,10.0
talcher,2021-01-05,91.0,52.0,24.0,14.0,13.0,13.0
talcher,2021-01-06,88.0,54.0,12.0,15.0,9.0,22.0
talcher,2021-01-07,80.0,40.0,9.0,17.0,26.0,16.0
talcher,2021-01-08,67.0,59.0,6.0,22.0,5.0,15.0
talcher,2021-01-09,37.0,28.0,6.0,5.0,4.0,4.0
talcher,2021-01-10,18.0,11.0,3.0,2.0,,2.0
talcher,2021-01-11,50.0,22.0,3.0,1.0,3.0,4.0
talcher,2021-01-12,69.0,51.0,8.0,7.0,,10.0
talcher,2021-02-01,155.0,111.0,20.0,12.0,11.0,13.0
talcher,2021-02-02,142.0,97.0,12.0,1.0,9.0,16.0
talcher,2021-02-03,140.0,107.0,24.0,,1.0,17.0
talcher,2021-02-04,74.0,23.0,14.0,6.0,4.0,8.0
talcher,2021-02-05,99.0,78.0,20.0,20.0,12.0,19.0
talcher,2021-02-06,92.0,63.0,23.0,17.0,12.0,23.0
talcher,2021-02-07,68.0,32.0,8.0,17.0,19.0,15.0
talcher,2021-02-08,64.0,51.0,6.0,21.0,5.0,14.0
talcher,2021-02-09,49.0,33.0,7.0,5.0,4.0,5.0
talcher,2021-02-10,26.0,19.0,6.0,5.0,,5.0
talcher,2021-02-11,51.0,36.0,6.0,3.0,11.0,9.0
talcher,2021-02-12,95.0,34.0,5.0,4.0,,9.0
talcher,2021-03-01,161.0,106.0,18.0,11.0,10.0,10.0
talcher,2021-03-02,133.0,98.0,17.0,1.0,9.0,15.0
talcher,2021-03-03,148.0,119.0,24.0,5.0,3.0,21.0
talcher,2021-03-04,70.0,32.0,17.0,6.0,3.0,10.0
talcher,2021-03-05,107.0,42.0,16.0,15.0,10.0,13.0
talcher,2021-03-06,97.0,48.0,16.0,14.0,4.0,18.0
talcher,2021-03-07,57.0,48.0,8.0,19.0,17.0,16.0
talcher,2021-03-08,62.0,72.0,6.0,22.0,7.0,20.0
talcher,2021-03-09,65.0,41.0,6.0,5.0,2.0,6.0
talcher,2021-03-10,31.0,34.0,7.0,6.0,12.0,11.0
talcher,2021-03-11,84.0,31.0,3.0,2.0,4.0,5.0
talcher,2021-03-12,55.0,11.0,2.0,2.0,,5.0
talcher,2021-04-01,157.0,110.0,19.0,13.0,10.0,11.0
talcher,2021-04-02,137.0,103.0,20.0,1.0,8.0,14.0
talcher,2021-04-03,160.0,109.0,17.0,14.0,2.0,19.0
talcher,2021-04-04,74.0,29.0,16.0,6.0,3.0,10.0
talcher,2021-04-05,74.0,41.0,15.0,15.0,9.0,12.0
talcher,2021-04-06,82.0,36.0,14.0,12.0,2.0,16.0
talcher,2021-04-07,85.0,50.0,11.0,21.0,15.0,17.0
talcher,2021-04-08,87.0,55.0,5.0,22.0,6.0,19.0
talcher,2021-04-09,61.0,28.0,10.0,4.0,1.0,6.0
talcher,2021-04-10,66.0,31.0,7.0,9.0,31.0,7.0
talcher,2021-04-11,71.0,40.0,7.0,3.0,3.0,8.0
talcher,2021-04-12,27.0,8.0,2.0,1.0,,3.0
talcher,2021-05-01,161.0,110.0,16.0,11.0,14.0,13.0
talcher,2021-05-02,147.0,113.0,20.0,1.0,9.0,22.0
talcher,2021-05-03,152.0,,22.0,18.0,2.0,25.0
talcher,2021-05-04,79.0,24.0,16.0,6.0,5.0,9.0
talcher,2021-05-05,83.0,32.0,15.0,14.0,9.0,12.0
talcher,2021-05-06,71.0,44.0,16.0,14.0,2.0,17.0
talcher,2021-05-07,85.0,58.0,9.0,20.0,12.0,17.0
talcher,2021-05-08,59.0,53.0,6.0,22.0,5.0,18.0
talcher,2021-05-09,54.0,28.0,7.0,5.0,4.0,13.0
talcher,2021-05-10,58.0,15.0,5.0,3.0,2.0,2.0
talcher,2021-05-11,74.0,43.0,2.0,4.0,3.0,9.0
talcher,2021-05-12,28.0,10.0,1.0,1.0,,4.0
talcher,2021-06-01,153.0,117.0,22.0,18.0,29.0,22.0
talcher,2021-06-02,154.0,80.0,19.0,1.0,8.0,13.0
talcher,2021-06-03,146.0,112.0,23.0,28.0,2.0,28.0
talcher,2021-06-04,70.0,33.0,16.0,6.0,6.0,8.0
talcher,2021-06-05,73.0,41.0,15.0,12.0,8.0,13.0
talcher,2021-06-06,79.0,37.0,11.0,14.0,2.0,16.0
talcher,2021-06-07,81.0,43.0,9.0,19.0,11.0,18.0
talcher,2021-06-08,76.0,49.0,6.0,21.0,5.0,16.0
talcher,2021-06-09,72.0,9.0,9.0,5.0,,4.0
talcher,2021-06-10,26.0,40.0,15.0,10.0,5.0,10.0
talcher,2021-06-11,86.0,33.0,3.0,2.0,2.0,6.0
talcher,2021-06-12,32.0,18.0,2.0,2.0,,6.0
talcher,2021-07-01,143.0,90.0,31.0,11.0,15.0,17.0
talcher,2021-07-02,127.0,88.0,16.0,1.0,9.0,13.0
talcher,2021-07-03,180.0,73.0,11.0,32.0,1.0,17.0
talcher,2021-07-04,80.0,65.0,17.0,31.0,21.0,9.0
talcher,2021-07-05,90.0,38.0,18.0,14.0,12.0,15.0
talcher,2021-07-06,77.0,42.0,16.0,16.0,3.0,17.0
talcher,2021-07-07,93.0,35.0,8.0,18.0,11.0,20.0
talcher,2021-07-08,55.0,46.0,6.0,20.0,5.0,14.0
talcher,2021-07-09,21.0,22.0,11.0,7.0,,5.0
talcher,2021-07-10,72.0,25.0,2.0,2.0,7.0,4.0
talcher,2021-07-11,65.0,70.0,15.0,8.0,6.0,18.0
talcher,2021-07-12,49.0,27.0,4.0,3.0,,6.0
talcher,2021-08-01,136.0,93.0,32.0,13.0,21.0,15.0
talcher,2021-08-02,136.0,114.0,20.0,1.0,9.0,17.0
talcher,2021-08-03,140.0,53.0,14.0,18.0,6.0,11.0
talcher,2021-08-04,126.0,85.0,21.0,6.0,28.0,12.0
talcher,2021-08-05,94.0,38.0,17.0,13.0,8.0,13.0
talcher,2021-08-06,96.0,35.0,11.0,18.0,4.0,22.0
talcher,2021-08-07,76.0,45.0,7.0,20.0,17.0,16.0
talcher,2021-08-08,69.0,43.0,6.0,20.0,10.0,14.0
talcher,2021-08-09,46.0,37.0,6.0,8.0,1.0,11.0
talcher,2021-08-10,52.0,44.0,7.0,5.0,7.0,11.0
talcher,2021-08-11,120.0,37.0,3.0,2.0,2.0,6.0
talcher,2021-08-12,38.0,13.0,1.0,2.0,,5.0
talcher,2021-09-01,140.0,118.0,16.0,13.0,11.0,20.0
talcher,2021-09-02,153.0,126.0,14.0,1.0,8.0,18.0
talcher,2021-09-03,114.0,54.0,17.0,,14.0,14.0
talcher,2021-09-04,169.0,84.0,19.0,6.0,25.0,11.0
talcher,2021-09-05,,34.0,17.0,13.0,6.0,14.0
talcher,2021-09-06,87.0,42.0,13.0,18.0,2.0,19.0
talcher,2021-09-07,64.0,37.0,11.0,21.0,15.0,12.0
talcher,2021-09-08,84.0,51.0,7.0,21.0,16.0,15.0
talcher,2021-09-09,87.0,37.0,13.0,9.0,3.0,15.0
talcher,2021-09-10,68.0,28.0,5.0,1.0,1.0,5.0
talcher,2021-09-11,71.0,30.0,2.0,3.0,2.0,6.0
talcher,2021-09-12,37.0,33.0,5.0,4.0,15.0,11.0
talcher,2021-10-01,139.0,103.0,18.0,16.0,23.0,26.0
talcher,2021-10-02,154.0,110.0,14.0,1.0,8.0,14.0
talcher,2021-10-03,119.0,40.0,15.0,,10.0,8.0
talcher,2021-10-04,124.0,110.0,23.0,6.0,20.0,12.0
talcher,2021-10-05,,38.0,11.0,15.0,7.0,14.0
talcher,2021-10-06,73.0,49.0,12.0,22.0,4.0,21.0
talcher,2021-10-07,60.0,22.0,8.0,19.0,11.0,9.0
talcher,2021-10-08,86.0,50.0,6.0,21.0,10.0,16.0
talcher,2021-10-09,64.0,34.0,49.0,8.0,1.0,10.0
talcher,2021-10-10,40.0,23.0,6.0,1.0,1.0,5.0
talcher,2021-10-11,70.0,26.0,6.0,4.0,4.0,8.0
talcher,2021-10-12,84.0,25.0,2.0,3.0,2.0,6.0
talcher,2021-11-01,137.0,88.0,30.0,14.0,17.0,15.0
talcher,2021-11-02,137.0,72.0,15.0,,1.0,7.0
talcher,2021-11-03,99.0,35.0,9.0,,6.0,8.0
talcher,2021-11-04,158.0,182.0,23.0,6.0,25.0,18.0
talcher,2021-11-05,,64.0,29.0,20.0,12.0,19.0
talcher,2021-11-06,95.0,45.0,14.0,24.0,5.0,22.0
talcher,2021-11-07,51.0,17.0,7.0,18.0,9.0,9.0
talcher,2021-11-08,82.0,45.0,8.0,21.0,7.0,16.0
talcher,2021-11-09,77.0,27.0,10.0,7.0,2.0,14.0
talcher,2021-11-10,32.0,26.0,3.0,2.0,,5.0
talcher,2021-11-11,79.0,15.0,2.0,1.0,1.0,2.0
talcher,2021-11-12,44.0,22.0,3.0,2.0,1.0,4.0
talcher,2021-12-01,138.0,76.0,23.0,8.0,9.0,9.0
talcher,2021-12-02,117.0,113.0,16.0,,1.0,12.0
talcher,2021-12-03,89.0,36.0,15.0,,4.0,9.0
talcher,2021-12-04,150.0,77.0,25.0,6.0,20.0,13.0
talcher,2021-12-05,,,7.0,13.0,7.0,14.0
talcher,2021-12-06,85.0,36.0,9.0,22.0,3.0,22.0
talcher,2021-12-07,59.0,15.0,8.0,18.0,9.0,9.0
talcher,2021-12-08,78.0,50.0,7.0,23.0,10.0,17.0
talcher,2021-12-09,54.0,12.0,11.0,5.0,1.0,8.0
talcher,2021-12-10,35.0,28.0,5.0,2.0,,5.0
talcher,2021-12-11,22.0,18.0,5.0,3.0,2.0,4.0
talcher,2021-12-12,56.0,27.0,2.0,1.0,1.0,5.0
talcher,2022-01-01,132.0,22.0,2.0,12.0,,5.0
talcher,2022-01-02,134.0,43.0,5.0,16.0,12.0,9.0
talcher,2022-01-03,25.0,22.0,1.0,,4.0,4.0
talcher,2022-01-04,22.0,32.0,23.0,3.0,16.0,14.0
talcher,2022-01-05,16.0,10.0,7.0,1.0,1.0,4.0
talcher,2022-01-06,66.0,57.0,24.0,8.0,9.0,26.0
talcher,2022-01-07,50.0,19.0,12.0,7.0,3.0,24.0
talcher,2022-01-08,76.0,26.0,11.0,21.0,4.0,26.0
talcher,2022-01-09,36.0,33.0,7.0,7.0,2.0,25.0
talcher,2022-01-10,89.0,49.0,13.0,7.0,,29.0
talcher,2022-01-11,142.0,74.0,29.0,5.0,33.0,21.0
talcher,2022-01-12,170.0,84.0,32.0,14.0,33.0,20.0
talcher,2022-02-01,56.0,29.0,3.0,12.0,,7.0
talcher,2022-02-02,85.0,19.0,2.0,14.0,1.0,7.0
talcher,2022-02-03,44.0,29.0,8.0,,14.0,9.0
talcher,2022-02-04,66.0,39.0,23.0,3.0,10.0,17.0
talcher,2022-02-05,22.0,27.0,29.0,3.0,5.0,15.0
talcher,2022-02-06,89.0,23.0,20.0,8.0,27.0,18.0
talcher,2022-02-07,45.0,18.0,14.0,7.0,1.0,22.0
talcher,2022-02-08,72.0,18.0,7.0,9.0,5.0,26.0
talcher,2022-02-09,38.0,38.0,9.0,7.0,3.0,29.0
talcher,2022-02-10,94.0,37.0,10.0,7.0,,24.0
talcher,2022-02-11,141.0,83.0,30.0,5.0,40.0,21.0
talcher,2022-02-12,151.0,80.0,32.0,14.0,33.0,19.0
talcher,2022-03-01,56.0,55.0,10.0,34.0,,20.0
talcher,2022-03-02,57.0,,,,,
talcher,2022-03-03,53.0,13.0,3.0,,11.0,5.0
talcher,2022-03-04,74.0,17.0,15.0,2.0,7.0,12.0
talcher,2022-03-05,61.0,41.0,35.0,4.0,11.0,24.0
talcher,2022-03-06,44.0,30.0,22.0,8.0,37.0,18.0
talcher,2022-03-07,49.0,11.0,19.0,8.0,4.0,24.0
talcher,2022-03-08,56.0,15.0,5.0,9.0,4.0,22.0
talcher,2022-03-09,64.0,31.0,5.0,7.0,4.0,30.0
talcher,2022-03-10,83.0,14.0,9.0,7.0,,17.0
talcher,2022-03-11,154.0,91.0,25.0,8.0,42.0,19.0
talcher,2022-03-12,145.0,136.0,26.0,14.0,40.0,29.0
talcher,2022-04-01,134.0,38.0,4.0,14.0,,7.0
talcher,2022-04-02,,55.0,9.0,52.0,13.0,18.0
talcher,2022-04-03,48.0,47.0,11.0,,11.0,15.0
talcher,2022-04-04,45.0,8.0,4.0,1.0,2.0,4.0
talcher,2022-04-05,70.0,32.0,31.0,4.0,5.0,19.0
talcher,2022-04-06,45.0,22.0,15.0,8.0,26.0,21.0
talcher,2022-04-07,36.0,27.0,12.0,8.0,6.0,30.0
talcher,2022-04-08,30.0,11.0,8.0,9.0,2.0,22.0
talcher,2022-04-09,77.0,44.0,7.0,7.0,3.0,31.0
talcher,2022-04-10,32.0,13.0,7.0,7.0,,16.0
talcher,2022-04-11,145.0,94.0,32.0,13.0,39.0,18.0
talcher,2022-04-12,182.0,110.0,33.0,14.0,40.0,27.0
talcher,2022-05-01,55.0,37.0,3.0,17.0,,7.0
talcher,2022-05-02,92.0,65.0,10.0,41.0,5.0,17.0
talcher,2022-05-03,103.0,48.0,10.0,,8.0,16.0
talcher,2022-05-04,17.0,14.0,7.0,1.0,4.0,6.0
talcher,2022-05-05,53.0,44.0,38.0,4.0,7.0,23.0
talcher,2022-05-06,56.0,37.0,20.0,8.0,17.0,22.0
talcher,2022-05-07,66.0,14.0,8.0,8.0,1.0,22.0
talcher,2022-05-08,31.0,20.0,6.0,9.0,4.0,27.0
talcher,2022-05-09,69.0,47.0,8.0,7.0,3.0,30.0
talcher,2022-05-10,27.0,8.0,7.0,8.0,20.0,15.0
talcher,2022-05-11,155.0,100.0,38.0,13.0,36.0,21.0
talcher,2022-05-12,171.0,113.0,30.0,14.0,49.0,28.0
talcher,2022-06-01,66.0,41.0,4.0,22.0,,9.0
talcher,2022-06-02,128.0,39.0,6.0,18.0,1.0,9.0
talcher,2022-06-03,91.0,33.0,4.0,,5.0,6.0
talcher,2022-06-04,23.0,15.0,9.0,1.0,2.0,8.0
talcher,2022-06-05,74.0,40.0,30.0,3.0,20.0,19.0
talcher,2022-06-06,85.0,33.0,9.0,8.0,46.0,22.0
talcher,2022-06-07,36.0,6.0,10.0,8.0,,20.0
talcher,2022-06-08,40.0,13.0,7.0,9.0,4.0,25.0
talcher,2022-06-09,78.0,24.0,6.0,7.0,2.0,26.0
talcher,2022-06-10,32.0,12.0,7.0,13.0,20.0,16.0
talcher,2022-06-11,176.0,68.0,25.0,13.0,27.0,10.0
talcher,2022-06-12,174.0,92.0,31.0,15.0,31.0,12.0
talcher,2022-07-01,91.0,44.0,4.0,21.0,,10.0
talcher,2022-07-02,84.0,32.0,5.0,16.0,,7.0
talcher,2022-07-03,55.0,80.0,12.0,,35.0,18.0
talcher,2022-07-04,38.0,12.0,7.0,1.0,4.0,5.0
talcher,2022-07-05,43.0,32.0,26.0,4.0,11.0,19.0
talcher,2022-07-06,79.0,35.0,31.0,9.0,12.0,21.0
talcher,2022-07-07,27.0,9.0,11.0,8.0,1.0,21.0
talcher,2022-07-08,40.0,7.0,8.0,9.0,2.0,22.0
talcher,2022-07-09,47.0,17.0,6.0,7.0,3.0,28.0
talcher,2022-07-10,29.0,28.0,9.0,13.0,20.0,17.0
talcher,2022-07-11,138.0,68.0,24.0,13.0,23.0,11.0
talcher,2022-07-12,160.0,125.0,6.0,14.0,33.0,28.0
talcher,2022-08-01,90.0,27.0,2.0,14.0,,5.0
talcher,2022-08-02,66.0,20.0,3.0,12.0,3.0,5.0
talcher,2022-08-03,114.0,49.0,2.0,,6.0,7.0
talcher,2022-08-04,26.0,16.0,12.0,1.0,3.0,6.0
talcher,2022-08-05,78.0,14.0,14.0,4.0,3.0,16.0
talcher,2022-08-06,84.0,22.0,8.0,8.0,17.0,20.0
talcher,2022-08-07,29.0,7.0,11.0,8.0,,20.0
talcher,2022-08-08,27.0,13.0,6.0,10.0,4.0,27.0
talcher,2022-08-09,42.0,13.0,6.0,7.0,3.0,26.0
talcher,2022-08-10,54.0,,,,,
talcher,2022-08-11,132.0,81.0,30.0,13.0,24.0,16.0
talcher,2022-08-12,175.0,105.0,26.0,14.0,24.0,23.0
talcher,2022-09-01,63.0,40.0,8.0,32.0,,12.0
talcher,2022-09-02,46.0,27.0,2.0,6.0,18.0,6.0
talcher,2022-09-03,68.0,49.0,2.0,,4.0,7.0
talcher,2022-09-04,37.0,17.0,9.0,1.0,2.0,6.0
talcher,2022-09-05,28.0,14.0,14.0,3.0,,16.0
talcher,2022-09-06,66.0,25.0,14.0,9.0,9.0,20.0
talcher,2022-09-07,17.0,7.0,12.0,7.0,,20.0
talcher,2022-09-08,37.0,8.0,5.0,12.0,2.0,23.0
talcher,2022-09-09,38.0,9.0,6.0,7.0,2.0,25.0
talcher,2022-09-10,,33.0,7.0,14.0,22.0,18.0
talcher,2022-09-11,143.0,83.0,29.0,13.0,28.0,18.0
talcher,2022-09-12,170.0,87.0,19.0,14.0,13.0,19.0
talcher,2022-10-01,89.0,13.0,5.0,22.0,,7.0
talcher,2022-10-02,61.0,25.0,1.0,,12.0,6.0
talcher,2022-10-03,63.0,32.0,2.0,,3.0,8.0
talcher,2022-10-04,18.0,31.0,24.0,3.0,3.0,17.0
talcher,2022-10-05,27.0,21.0,15.0,4.0,,17.0
talcher,2022-10-06,60.0,35.0,11.0,9.0,7.0,23.0
talcher,2022-10-07,13.0,8.0,10.0,8.0,2.0,23.0
talcher,2022-10-08,24.0,9.0,6.0,9.0,2.0,23.0
talcher,2022-10-09,24.0,12.0,7.0,7.0,1.0,24.0
talcher,2022-10-10,84.0,44.0,12.0,13.0,23.0,19.0
talcher,2022-10-11,145.0,87.0,34.0,13.0,34.0,20.0
talcher,2022-10-12,155.0,78.0,21.0,14.0,11.0,18.0
talcher,2022-11-01,30.0,13.0,1.0,14.0,,5.0
talcher,2022-11-02,55.0,52.0,7.0,,,12.0
talcher,2022-11-03,68.0,66.0,7.0,,4.0,14.0
talcher,2022-11-04,48.0,20.0,10.0,2.0,7.0,12.0
talcher,2022-11-05,28.0,24.0,19.0,4.0,,17.0
talcher,2022-11-06,68.0,40.0,19.0,9.0,6.0,25.0
talcher,2022-11-07,30.0,42.0,9.0,8.0,6.0,27.0
talcher,2022-11-08,28.0,28.0,5.0,7.0,3.0,27.0
talcher,2022-11-09,15.0,18.0,7.0,7.0,1.0,25.0
talcher,2022-11-10,106.0,59.0,18.0,13.0,25.0,23.0
talcher,2022-11-11,143.0,79.0,28.0,13.0,35.0,19.0
talcher,2022-11-12,137.0,101.0,12.0,14.0,20.0,27.0
talcher,2022-12-01,39.0,13.0,2.0,12.0,,4.0
talcher,2022-12-02,83.0,71.0,10.0,,13.0,26.0
talcher,2022-12-03,94.0,115.0,7.0,,4.0,23.0
talcher,2022-12-04,40.0,14.0,9.0,1.0,1.0,6.0
talcher,2022-12-05,37.0,29.0,24.0,4.0,2.0,17.0
talcher,2022-12-06,81.0,44.0,22.0,9.0,4.0,23.0
talcher,2022-12-07,48.0,5.0,10.0,8.0,1.0,22.0
talcher,2022-12-08,72.0,2.0,6.0,7.0,5.0,28.0
talcher,2022-12-09,31.0,27.0,7.0,7.0,1.0,25.0
talcher,2022-12-10,115.0,41.0,15.0,12.0,23.0,11.0
talcher,2022-12-11,135.0,84.0,27.0,13.0,37.0,20.0
talcher,2022-12-12,170.0,98.0,32.0,14.0,22.0,22.0
talcher,2023-01-01,164.0,50.0,22.0,13.0,11.0,11.0
talcher,2023-01-02,,95.0,12.0,12.0,28.0,28.0
talcher,2023-01-03,143.0,152.0,9.0,15.0,18.0,25.0
talcher,2023-01-05,95.0,61.0,6.0,14.0,3.0,19.0
talcher,2023-01-06,109.0,65.0,11.0,14.0,1.0,18.0
talcher,2023-01-07,5.0,30.0,8.0,14.0,6.0,25.0
talcher,2023-01-08,52.0,7.0,4.0,14.0,4.0,6.0
talcher,2023-01-09,,55.0,5.0,2.0,15.0,8.0
talcher,2023-01-10,55.0,15.0,7.0,15.0,1.0,7.0
talcher,2023-01-11,102.0,61.0,9.0,17.0,16.0,13.0
talcher,2023-01-12,,111.0,6.0,17.0,13.0,16.0
talcher,2023-02-01,105.0,66.0,27.0,12.0,14.0,13.0
talcher,2023-02-02,,109.0,13.0,12.0,32.0,29.0
talcher,2023-02-03,181.0,188.0,5.0,15.0,19.0,24.0
talcher,2023-02-04,,114.0,31.0,14.0,23.0,30.0
talcher,2023-02-05,116.0,39.0,5.0,14.0,1.0,13.0
talcher,2023-02-06,116.0,36.0,16.0,14.0,,15.0
talcher,2023-02-07,58.0,31.0,6.0,14.0,5.0,24.0
talcher,2023-02-08,17.0,13.0,4.0,14.0,3.0,8.0
talcher,2023-02-09,,40.0,5.0,1.0,15.0,6.0
talcher,2023-02-10,45.0,15.0,7.0,12.0,3.0,6.0
talcher,2023-02-11,106.0,41.0,7.0,28.0,12.0,8.0
talcher,2023-02-12,170.0,91.0,5.0,15.0,10.0,15.0
talcher,2023-03-01,130.0,70.0,27.0,12.0,15.0,13.0
talcher,2023-03-02,145.0,156.0,10.0,12.0,38.0,32.0
talcher,2023-03-03,173.0,228.0,7.0,15.0,17.0,26.0
talcher,2023-03-04,174.0,42.0,20.0,14.0,4.0,13.0
talcher,2023-03-05,81.0,,,,,
talcher,2023-03-06,90.0,,,,,
talcher,2023-03-07,70.0,22.0,5.0,14.0,5.0,23.0
talcher,2023-03-08,39.0,29.0,5.0,12.0,4.0,12.0
talcher,2023-03-09,,32.0,4.0,2.0,15.0,8.0
talcher,2023-03-10,45.0,18.0,9.0,12.0,8.0,6.0
talcher,2023-03-11,69.0,36.0,5.0,27.0,12.0,9.0
talcher,2023-03-12,163.0,88.0,5.0,14.0,10.0,13.0
talcher,2023-04-01,142.0,93.0,25.0,11.0,18.0,21.0
talcher,2023-04-02,173.0,130.0,6.0,12.0,30.0,32.0
talcher,2023-04-03,181.0,226.0,7.0,15.0,20.0,31.0
talcher,2023-04-04,85.0,68.0,18.0,14.0,9.0,20.0
talcher,2023-04-06,,91.0,9.0,13.0,2.0,24.0
talcher,2023-04-07,50.0,25.0,6.0,14.0,5.0,24.0
talcher,2023-04-08,58.0,39.0,5.0,6.0,4.0,12.0
talcher,2023-04-09,,23.0,5.0,,14.0,4.0
talcher,2023-04-10,43.0,36.0,13.0,19.0,10.0,7.0
talcher,2023-04-11,74.0,54.0,6.0,28.0,15.0,19.0
talcher,2023-04-12,167.0,68.0,5.0,14.0,7.0,9.0
talcher,2023-05-01,157.0,96.0,21.0,12.0,28.0,23.0
talcher,2023-05-02,166.0,156.0,6.0,12.0,27.0,23.0
talcher,2023-05-03,204.0,152.0,7.0,15.0,16.0,24.0
talcher,2023-05-04,124.0,72.0,28.0,14.0,13.0,17.0
talcher,2023-05-06,124.0,53.0,9.0,14.0,,20.0
talcher,2023-05-07,57.0,25.0,5.0,14.0,4.0,26.0
talcher,2023-05-08,64.0,25.0,5.0,6.0,4.0,12.0
talcher,2023-05-09,,24.0,5.0,3.0,13.0,3.0
talcher,2023-05-10,74.0,54.0,7.0,20.0,11.0,9.0
talcher,2023-05-11,110.0,167.0,6.0,24.0,15.0,15.0
talcher,2023-05-12,127.0,,,,,
talcher,2023-06-01,151.0,83.0,18.0,12.0,45.0,24.0
talcher,2023-06-02,175.0,137.0,7.0,11.0,25.0,27.0
talcher,2023-06-03,172.0,62.0,7.0,15.0,11.0,12.0
talcher,2023-06-04,86.0,75.0,44.0,14.0,28.0,18.0
talcher,2023-06-06,110.0,55.0,6.0,14.0,,21.0
talcher,2023-06-07,63.0,28.0,5.0,14.0,4.0,26.0
talcher,2023-06-08,58.0,24.0,5.0,6.0,4.0,12.0
talcher,2023-06-09,,25.0,5.0,1.0,13.0,4.0
talcher,2023-06-10,78.0,45.0,8.0,11.0,10.0,8.0
talcher,2023-06-11,115.0,282.0,4.0,17.0,25.0,19.0
talcher,2023-06-12,,25.0,5.0,14.0,6.0,7.0
talcher,2023-07-01,134.0,88.0,21.0,12.0,44.0,27.0
talcher,2023-07-02,169.0,108.0,11.0,15.0,26.0,19.0
talcher,2023-07-03,125.0,66.0,7.0,15.0,10.0,12.0
talcher,2023-07-04,134.0,48.0,20.0,14.0,6.0,12.0
talcher,2023-07-05,,57.0,10.0,14.0,1.0,18.0
talcher,2023-07-06,77.0,74.0,9.0,14.0,,24.0
talcher,2023-07-07,51.0,31.0,5.0,14.0,4.0,31.0
talcher,2023-07-08,45.0,38.0,5.0,6.0,4.0,9.0
talcher,2023-07-09,,,4.0,1.0,13.0,4.0
talcher,2023-07-10,73.0,39.0,7.0,11.0,10.0,8.0
talcher,2023-07-11,250.0,129.0,3.0,26.0,25.0,16.0
talcher,2023-07-12,79.0,44.0,6.0,14.0,9.0,13.0
talcher,2023-08-01,110.0,104.0,25.0,12.0,48.0,33.0
talcher,2023-08-02,149.0,111.0,5.0,15.0,30.0,25.0
talcher,2023-08-03,113.0,76.0,8.0,15.0,10.0,12.0
talcher,2023-08-04,98.0,69.0,33.0,14.0,19.0,23.0
talcher,2023-08-05,132.0,61.0,10.0,14.0,3.0,17.0
talcher,2023-08-06,127.0,72.0,14.0,14.0,3.0,21.0
talcher,2023-08-07,73.0,29.0,4.0,14.0,4.0,28.0
talcher,2023-08-08,49.0,51.0,8.0,6.0,4.0,10.0
talcher,2023-08-09,,,5.0,1.0,13.0,3.0
talcher,2023-08-10,67.0,66.0,10.0,12.0,11.0,14.0
talcher,2023-08-11,172.0,148.0,3.0,25.0,27.0,18.0
talcher,2023-08-12,99.0,80.0,6.0,14.0,11.0,20.0
talcher,2023-09-01,161.0,110.0,10.0,12.0,45.0,36.0
talcher,2023-09-02,155.0,137.0,11.0,15.0,25.0,18.0
talcher,2023-09-03,124.0,64.0,8.0,15.0,11.0,14.0
talcher,2023-09-04,126.0,104.0,14.0,14.0,16.0,21.0
talcher,2023-09-05,122.0,68.0,11.0,14.0,4.0,17.0
talcher,2023-09-06,107.0,37.0,11.0,14.0,,18.0
talcher,2023-09-07,59.0,33.0,5.0,14.0,4.0,27.0
talcher,2023-09-08,59.0,62.0,4.0,6.0,4.0,12.0
talcher,2023-09-09,,,4.0,3.0,13.0,3.0
talcher,2023-09-10,102.0,68.0,9.0,12.0,11.0,15.0
talcher,2023-09-11,188.0,150.0,3.0,26.0,18.0,10.0
talcher,2023-09-12,136.0,100.0,4.0,14.0,17.0,21.0
talcher,2023-10-01,158.0,122.0,28.0,12.0,44.0,31.0
talcher,2023-10-02,157.0,137.0,11.0,15.0,23.0,20.0
talcher,2023-10-03,122.0,103.0,10.0,15.0,13.0,17.0
talcher,2023-10-04,139.0,135.0,14.0,14.0,15.0,24.0
talcher,2023-10-05,118.0,38.0,12.0,14.0,1.0,13.0
talcher,2023-10-06,75.0,155.0,8.0,14.0,3.0,26.0
talcher,2023-10-07,60.0,27.0,4.0,14.0,4.0,25.0
talcher,2023-10-08,73.0,59.0,6.0,6.0,4.0,10.0
talcher,2023-10-09,,,5.0,4.0,14.0,5.0
talcher,2023-10-10,106.0,77.0,8.0,14.0,12.0,19.0
talcher,2023-10-11,187.0,154.0,3.0,29.0,17.0,12.0
talcher,2023-10-12,160.0,125.0,4.0,14.0,17.0,34.0
talcher,2023-11-01,174.0,115.0,8.0,12.0,30.0,27.0
talcher,2023-11-02,153.0,144.0,10.0,15.0,37.0,26.0
talcher,2023-11-03,149.0,124.0,7.0,15.0,13.0,18.0
talcher,2023-11-04,149.0,121.0,16.0,14.0,7.0,22.0
talcher,2023-11-05,82.0,33.0,5.0,14.0,1.0,13.0
talcher,2023-11-06,132.0,108.0,9.0,14.0,7.0,28.0
talcher,2023-11-07,69.0,34.0,5.0,14.0,4.0,27.0
talcher,2023-11-08,74.0,53.0,6.0,6.0,4.0,12.0
talcher,2023-11-09,,38.0,4.0,44.0,16.0,7.0
talcher,2023-11-10,115.0,70.0,9.0,13.0,13.0,16.0
talcher,2023-11-11,209.0,,,,,
talcher,2023-11-12,190.0,114.0,5.0,14.0,20.0,33.0
talcher,2023-12-01,179.0,127.0,32.0,12.0,35.0,28.0
talcher,2023-12-02,144.0,100.0,6.0,15.0,25.0,18.0
talcher,2023-12-03,148.0,129.0,9.0,15.0,14.0,22.0
talcher,2023-12-04,158.0,101.0,16.0,14.0,13.0,22.0
talcher,2023-12-05,78.0,38.0,6.0,14.0,,13.0
talcher,2023-12-06,149.0,38.0,14.0,14.0,9.0,21.0
talcher,2023-12-07,62.0,31.0,5.0,14.0,5.0,25.0
talcher,2023-12-08,73.0,33.0,5.0,6.0,4.0,13.0
talcher,2023-12-09,83.0,24.0,4.0,39.0,15.0,8.0
talcher,2023-12-10,118.0,82.0,11.0,13.0,14.0,18.0
talcher,2023-12-12,192.0,,,,,
talcher,2024-01-01,222.0,136.0,3.0,13.0,15.0,29.0
talcher,2024-01-02,102.0,49.0,,10.0,10.0,2.0
talcher,2024-01-03,142.0,125.0,4.0,15.0,20.0,15.0
talcher,2024-01-04,172.0,,,,,
talcher,2024-01-05,134.0,69.0,11.0,5.0,15.0,12.0
talcher,2024-01-06,92.0,57.0,10.0,7.0,9.0,24.0
talcher,2024-01-07,78.0,34.0,5.0,,3.0,9.0
talcher,2024-01-08,45.0,22.0,12.0,7.0,6.0,11.0
talcher,2024-01-09,16.0,14.0,10.0,6.0,6.0,4.0
talcher,2024-01-10,87.0,58.0,13.0,6.0,,13.0
talcher,2024-01-11,153.0,79.0,10.0,9.0,8.0,28.0
talcher,2024-01-12,94.0,38.0,20.0,5.0,,4.0
talcher,2024-02-01,223.0,113.0,6.0,13.0,13.0,23.0
talcher,2024-02-02,122.0,126.0,1.0,19.0,12.0,17.0
talcher,2024-02-03,202.0,51.0,2.0,10.0,6.0,2.0
talcher,2024-02-04,,82.0,15.0,5.0,7.0,9.0
talcher,2024-02-05,121.0,113.0,7.0,4.0,13.0,16.0
talcher,2024-02-06,108.0,51.0,13.0,5.0,7.0,12.0
talcher,2024-02-07,49.0,18.0,8.0,,3.0,9.0
talcher,2024-02-08,48.0,33.0,13.0,5.0,5.0,7.0
talcher,2024-02-09,26.0,30.0,11.0,7.0,6.0,7.0
talcher,2024-02-10,116.0,44.0,13.0,4.0,7.0,12.0
talcher,2024-02-11,154.0,79.0,11.0,8.0,7.0,24.0
talcher,2024-02-12,61.0,99.0,54.0,10.0,9.0,7.0
talcher,2024-03-01,195.0,126.0,5.0,13.0,16.0,28.0
talcher,2024-03-02,174.0,159.0,2.0,13.0,21.0,15.0
talcher,2024-03-03,98.0,50.0,3.0,11.0,6.0,2.0
talcher,2024-03-04,127.0,61.0,7.0,6.0,9.0,6.0
talcher,2024-03-05,172.0,96.0,7.0,5.0,14.0,10.0
talcher,2024-03-06,93.0,61.0,10.0,6.0,8.0,14.0
talcher,2024-03-07,48.0,26.0,8.0,,5.0,12.0
talcher,2024-03-08,35.0,49.0,12.0,7.0,6.0,8.0
talcher,2024-03-09,45.0,45.0,10.0,7.0,6.0,5.0
talcher,2024-03-10,96.0,82.0,9.0,6.0,6.0,16.0
talcher,2024-03-11,150.0,76.0,11.0,8.0,7.0,24.0
talcher,2024-03-12,148.0,103.0,99.0,10.0,9.0,9.0
talcher,2024-04-01,214.0,146.0,5.0,15.0,17.0,27.0
talcher,2024-04-02,201.0,139.0,1.0,15.0,22.0,14.0
talcher,2024-04-03,100.0,70.0,5.0,13.0,10.0,5.0
talcher,2024-04-04,157.0,81.0,11.0,7.0,9.0,8.0
talcher,2024-04-05,121.0,52.0,14.0,5.0,14.0,10.0
talcher,2024-04-06,96.0,52.0,8.0,5.0,6.0,11.0
talcher,2024-04-07,73.0,29.0,10.0,,8.0,23.0
talcher,2024-04-08,56.0,30.0,9.0,6.0,6.0,14.0
talcher,2024-04-09,58.0,42.0,12.0,7.0,6.0,7.0
talcher,2024-04-10,155.0,70.0,18.0,10.0,9.0,20.0
talcher,2024-04-11,148.0,80.0,9.0,8.0,7.0,23.0
talcher,2024-04-12,150.0,156.0,99.0,10.0,9.0,15.0
talcher,2024-05-01,221.0,101.0,1.0,13.0,9.0,16.0
talcher,2024-05-02,179.0,92.0,3.0,15.0,14.0,8.0
talcher,2024-05-03,117.0,59.0,7.0,13.0,14.0,3.0
talcher,2024-05-04,163.0,,,,,
talcher,2024-05-05,89.0,45.0,9.0,4.0,12.0,7.0
talcher,2024-05-06,89.0,61.0,11.0,5.0,7.0,14.0
talcher,2024-05-07,58.0,38.0,10.0,,7.0,15.0
talcher,2024-05-08,66.0,30.0,11.0,8.0,8.0,16.0
talcher,2024-05-09,63.0,53.0,14.0,7.0,6.0,13.0
talcher,2024-05-10,134.0,80.0,11.0,9.0,8.0,17.0
talcher,2024-05-11,144.0,80.0,11.0,8.0,9.0,27.0
talcher,2024-05-12,168.0,116.0,46.0,9.0,8.0,11.0
talcher,2024-06-01,177.0,88.0,2.0,12.0,8.0,17.0
talcher,2024-06-02,141.0,109.0,5.0,16.0,21.0,7.0
talcher,2024-06-03,127.0,24.0,5.0,10.0,8.0,
talcher,2024-06-04,,66.0,10.0,6.0,56.0,9.0
talcher,2024-06-05,72.0,29.0,12.0,4.0,10.0,6.0
talcher,2024-06-06,91.0,63.0,9.0,5.0,6.0,12.0
talcher,2024-06-07,97.0,34.0,11.0,,5.0,11.0
talcher,2024-06-08,71.0,27.0,14.0,10.0,8.0,12.0
talcher,2024-06-09,66.0,47.0,10.0,7.0,6.0,15.0
talcher,2024-06-10,152.0,48.0,12.0,7.0,6.0,12.0
talcher,2024-06-11,149.0,84.0,12.0,8.0,7.0,25.0
talcher,2024-06-12,143.0,74.0,7.0,6.0,4.0,5.0
talcher,2024-07-01,166.0,157.0,6.0,15.0,16.0,31.0
talcher,2024-07-02,176.0,72.0,5.0,11.0,13.0,5.0
talcher,2024-07-03,97.0,60.0,4.0,13.0,8.0,3.0
talcher,2024-07-04,145.0,64.0,3.0,5.0,62.0,20.0
talcher,2024-07-05,55.0,45.0,14.0,5.0,13.0,8.0
talcher,2024-07-06,90.0,61.0,10.0,6.0,7.0,15.0
talcher,2024-07-07,84.0,25.0,32.0,,6.0,9.0
talcher,2024-07-08,51.0,37.0,25.0,8.0,7.0,12.0
talcher,2024-07-09,67.0,27.0,18.0,6.0,6.0,15.0
talcher,2024-07-10,98.0,46.0,9.0,7.0,7.0,14.0
talcher,2024-07-11,153.0,70.0,11.0,7.0,7.0,22.0
talcher,2024-07-12,136.0,49.0,4.0,5.0,3.0,2.0
talcher,2024-08-01,238.0,126.0,17.0,13.0,10.0,24.0
talcher,2024-08-02,126.0,77.0,2.0,9.0,11.0,4.0
talcher,2024-08-03,128.0,76.0,1.0,12.0,9.0,6.0
talcher,2024-08-04,137.0,63.0,2.0,4.0,59.0,13.0
talcher,2024-08-05,83.0,48.0,14.0,5.0,12.0,8.0
talcher,2024-08-06,91.0,25.0,10.0,4.0,5.0,6.0
talcher,2024-08-07,53.0,19.0,13.0,,3.0,5.0
talcher,2024-08-08,67.0,40.0,15.0,8.0,7.0,15.0
talcher,2024-08-09,53.0,12.0,8.0,5.0,4.0,11.0
talcher,2024-08-10,101.0,54.0,11.0,7.0,6.0,14.0
talcher,2024-08-11,135.0,77.0,14.0,9.0,9.0,25.0
talcher,2024-08-12,94.0,51.0,4.0,5.0,2.0,2.0
talcher,2024-09-01,188.0,198.0,8.0,15.0,22.0,30.0
talcher,2024-09-02,128.0,80.0,2.0,9.0,10.0,4.0
talcher,2024-09-03,135.0,57.0,5.0,12.0,7.0,4.0
talcher,2024-09-04,121.0,89.0,5.0,6.0,53.0,15.0
talcher,2024-09-05,93.0,35.0,19.0,6.0,13.0,12.0
talcher,2024-09-06,49.0,84.0,9.0,5.0,7.0,8.0
talcher,2024-09-07,55.0,,,,,
talcher,2024-09-08,55.0,66.0,10.0,8.0,7.0,14.0
talcher,2024-09-09,31.0,31.0,10.0,7.0,5.0,9.0
talcher,2024-09-10,106.0,45.0,14.0,9.0,8.0,14.0
talcher,2024-09-11,142.0,67.0,11.0,8.0,8.0,22.0
talcher,2024-09-12,89.0,58.0,5.0,5.0,3.0,5.0
talcher,2024-10-01,275.0,158.0,1.0,16.0,32.0,10.0
talcher,2024-10-02,138.0,69.0,4.0,8.0,9.0,2.0
talcher,2024-10-03,99.0,45.0,5.0,12.0,4.0,2.0
talcher,2024-10-04,149.0,55.0,3.0,5.0,52.0,13.0
talcher,2024-10-05,77.0,48.0,16.0,5.0,12.0,9.0
talcher,2024-10-06,116.0,62.0,14.0,6.0,8.0,13.0
talcher,2024-10-07,,71.0,21.0,10.0,10.0,16.0
talcher,2024-10-08,84.0,47.0,14.0,8.0,7.0,13.0
talcher,2024-10-09,50.0,60.0,8.0,5.0,4.0,12.0
talcher,2024-10-10,96.0,43.0,9.0,8.0,6.0,13.0
talcher,2024-10-11,133.0,63.0,10.0,9.0,8.0,21.0
talcher,2024-10-12,106.0,103.0,9.0,6.0,3.0,11.0
talcher,2024-11-01,282.0,96.0,,14.0,16.0,4.0
talcher,2024-11-02,133.0,63.0,6.0,10.0,21.0,2.0
talcher,2024-11-03,88.0,207.0,9.0,13.0,10.0,13.0
talcher,2024-11-04,113.0,,,,,
talcher,2024-11-05,88.0,,,,,
talcher,2024-11-06,106.0,57.0,8.0,5.0,5.0,11.0
talcher,2024-11-07,81.0,49.0,24.0,9.0,9.0,18.0
talcher,2024-11-08,75.0,30.0,14.0,7.0,6.0,10.0
talcher,2024-11-09,146.0,63.0,9.0,5.0,6.0,12.0
talcher,2024-11-10,89.0,46.0,12.0,7.0,6.0,17.0
talcher,2024-11-11,130.0,67.0,10.0,8.0,9.0,23.0
talcher,2024-11-12,152.0,114.0,4.0,7.0,4.0,11.0
talcher,2024-12-01,166.0,84.0,,14.0,9.0,3.0
talcher,2024-12-02,135.0,84.0,3.0,12.0,6.0,2.0
talcher,2024-12-03,175.0,63.0,2.0,10.0,4.0,5.0
talcher,2024-12-04,,82.0,6.0,5.0,48.0,16.0
talcher,2024-12-05,,39.0,11.0,6.0,14.0,16.0
talcher,2024-12-06,88.0,47.0,10.0,4.0,5.0,10.0
talcher,2024-12-07,61.0,52.0,11.0,8.0,8.0,18.0
talcher,2024-12-08,72.0,53.0,13.0,8.0,8.0,14.0
talcher,2024-12-09,91.0,49.0,8.0,5.0,4.0,9.0
talcher,2024-12-10,95.0,29.0,11.0,7.0,6.0,14.0
talcher,2024-12-11,133.0,73.0,10.0,8.0,8.0,26.0
talcher,2024-12-12,154.0,150.0,10.0,9.0,4.0,20.0
talcher,2025-01-01,204.0,88.0,12.0,6.0,,10.0
talcher,2025-01-02,147.0,92.0,10.0,8.0,6.0,9.0
talcher,2025-01-03,141.0,121.0,16.0,7.0,7.0,12.0
talcher,2025-01-04,123.0,52.0,1.0,11.0,4.0,7.0
talcher,2025-01-05,38.0,48.0,,8.0,18.0,11.0
talcher,2025-01-06,103.0,96.0,13.0,12.0,12.0,12.0
talcher,2025-01-07,64.0,28.0,5.0,18.0,17.0,20.0
talcher,2025-01-08,104.0,77.0,3.0,15.0,12.0,1.0
talcher,2025-01-10,78.0,22.0,7.0,15.0,1.0,3.0
talcher,2025-01-11,105.0,48.0,7.0,45.0,14.0,8.0
talcher,2025-01-12,199.0,127.0,7.0,31.0,23.0,12.0
talcher,2025-02-01,155.0,130.0,11.0,7.0,31.0,10.0
talcher,2025-02-02,130.0,79.0,11.0,8.0,7.0,6.0
talcher,2025-02-03,163.0,94.0,13.0,7.0,7.0,10.0
talcher,2025-02-04,99.0,73.0,2.0,11.0,4.0,13.0
talcher,2025-02-05,72.0,44.0,,9.0,12.0,7.0
talcher,2025-02-06,84.0,84.0,10.0,12.0,11.0,13.0
talcher,2025-02-07,65.0,25.0,7.0,18.0,20.0,35.0
talcher,2025-02-08,82.0,43.0,5.0,17.0,11.0,7.0
talcher,2025-02-10,49.0,20.0,7.0,13.0,,4.0
talcher,2025-02-11,90.0,70.0,8.0,42.0,17.0,9.0
talcher,2025-02-12,174.0,140.0,7.0,31.0,23.0,15.0
talcher,2025-03-01,167.0,122.0,9.0,8.0,23.0,15.0
talcher,2025-03-02,130.0,87.0,14.0,7.0,8.0,6.0
talcher,2025-03-03,140.0,93.0,17.0,9.0,8.0,12.0
talcher,2025-03-04,121.0,99.0,2.0,11.0,4.0,14.0
talcher,2025-03-05,93.0,62.0,,9.0,20.0,13.0
talcher,2025-03-06,88.0,72.0,11.0,12.0,10.0,11.0
talcher,2025-03-07,98.0,38.0,3.0,15.0,16.0,26.0
talcher,2025-03-08,68.0,55.0,251.0,14.0,9.0,1.0
talcher,2025-03-10,49.0,,,,,
talcher,2025-03-11,116.0,108.0,7.0,29.0,21.0,9.0
talcher,2025-03-12,187.0,146.0,7.0,33.0,22.0,19.0
talcher,2025-04-01,185.0,107.0,8.0,8.0,21.0,12.0
talcher,2025-04-02,136.0,101.0,11.0,8.0,9.0,9.0
talcher,2025-04-03,150.0,97.0,14.0,8.0,4.0,8.0
talcher,2025-04-04,138.0,113.0,2.0,12.0,3.0,21.0
talcher,2025-04-05,103.0,60.0,,9.0,10.0,9.0
talcher,2025-04-06,78.0,51.0,16.0,13.0,10.0,10.0
talcher,2025-04-07,55.0,18.0,3.0,17.0,17.0,12.0
talcher,2025-04-08,78.0,47.0,,15.0,8.0,15.0
talcher,2025-04-10,,13.0,10.0,18.0,,3.0
talcher,2025-04-11,142.0,95.0,15.0,42.0,19.0,9.0
talcher,2025-04-12,178.0,150.0,7.0,29.0,25.0,20.0
talcher,2025-05-01,164.0,169.0,19.0,9.0,19.0,22.0
talcher,2025-05-02,137.0,117.0,14.0,10.0,10.0,12.0
talcher,2025-05-03,142.0,98.0,21.0,8.0,4.0,13.0
talcher,2025-05-04,157.0,77.0,1.0,11.0,3.0,11.0
talcher,2025-05-05,120.0,52.0,,9.0,12.0,9.0
talcher,2025-05-06,99.0,54.0,14.0,13.0,9.0,10.0
talcher,2025-05-07,52.0,24.0,3.0,18.0,21.0,
talcher,2025-05-08,91.0,44.0,118.0,13.0,8.0,14.0
talcher,2025-05-10,31.0,64.0,8.0,18.0,6.0,9.0
talcher,2025-05-11,135.0,100.0,8.0,46.0,21.0,10.0
talcher,2025-05-12,165.0,149.0,7.0,29.0,28.0,18.0
talcher,2025-06-01,215.0,111.0,10.0,8.0,14.0,15.0
talcher,2025-06-02,161.0,122.0,18.0,11.0,11.0,11.0
talcher,2025-06-03,148.0,187.0,22.0,8.0,5.0,15.0
talcher,2025-06-04,143.0,47.0,1.0,8.0,4.0,6.0
talcher,2025-06-05,93.0,61.0,,9.0,9.0,8.0
talcher,2025-06-06,102.0,63.0,11.0,15.0,13.0,10.0
talcher,2025-06-07,71.0,40.0,2.0,17.0,20.0,
talcher,2025-06-08,100.0,58.0,1.0,14.0,12.0,1.0
talcher,2025-06-10,128.0,42.0,5.0,21.0,9.0,8.0
talcher,2025-06-11,136.0,102.0,8.0,39.0,21.0,11.0
talcher,2025-06-12,167.0,188.0,6.0,30.0,30.0,20.0
talcher,2025-07-01,171.0,101.0,8.0,7.0,15.0,10.0
talcher,2025-07-02,152.0,94.0,15.0,9.0,9.0,11.0
talcher,2025-07-03,181.0,158.0,17.0,9.0,6.0,14.0
talcher,2025-07-04,110.0,34.0,,8.0,19.0,6.0
talcher,2025-07-05,86.0,69.0,,10.0,12.0,9.0
talcher,2025-07-06,105.0,77.0,26.0,14.0,16.0,17.0
talcher,2025-07-07,95.0,28.0,4.0,16.0,16.0,5.0
talcher,2025-07-08,108.0,57.0,,15.0,10.0,8.0
talcher,2025-07-10,111.0,42.0,5.0,18.0,6.0,1.0
talcher,2025-07-11,134.0,85.0,8.0,36.0,22.0,9.0
talcher,2025-07-12,193.0,170.0,7.0,30.0,28.0,17.0
talcher,2025-08-01,140.0,96.0,12.0,7.0,15.0,10.0
talcher,2025-08-02,135.0,112.0,20.0,9.0,8.0,11.0
talcher,2025-08-03,167.0,65.0,9.0,7.0,5.0,7.0
talcher,2025-08-04,74.0,58.0,6.0,8.0,27.0,5.0
talcher,2025-08-05,116.0,74.0,,10.0,9.0,11.0
talcher,2025-08-06,144.0,76.0,15.0,11.0,10.0,9.0
talcher,2025-08-07,70.0,39.0,3.0,18.0,17.0,4.0
talcher,2025-08-08,104.0,48.0,,15.0,8.0,1.0
talcher,2025-08-10,115.0,47.0,9.0,20.0,7.0,4.0
talcher,2025-08-11,112.0,92.0,8.0,41.0,23.0,10.0
talcher,2025-08-12,171.0,170.0,7.0,28.0,22.0,20.0
talcher,2025-09-01,148.0,91.0,13.0,7.0,14.0,11.0
talcher,2025-09-02,150.0,172.0,25.0,11.0,9.0,22.0
talcher,2025-09-03,114.0,60.0,11.0,8.0,7.0,6.0
talcher,2025-09-04,97.0,45.0,12.0,8.0,19.0,6.0
talcher,2025-09-05,125.0,74.0,,9.0,8.0,9.0
talcher,2025-09-06,92.0,43.0,24.0,10.0,7.0,9.0
talcher,2025-09-07,83.0,39.0,7.0,20.0,19.0,12.0
talcher,2025-09-08,91.0,52.0,,16.0,8.0,1.0
talcher,2025-09-10,91.0,62.0,7.0,19.0,11.0,6.0
talcher,2025-09-11,134.0,115.0,8.0,37.0,26.0,17.0
talcher,2025-09-12,194.0,182.0,8.0,26.0,18.0,20.0
talcher,2025-10-01,164.0,148.0,10.0,9.0,16.0,12.0
talcher,2025-10-02,243.0,143.0,19.0,11.0,11.0,18.0
talcher,2025-10-03,110.0,149.0,20.0,7.0,6.0,10.0
talcher,2025-10-04,61.0,66.0,15.0,9.0,25.0,16.0
talcher,2025-10-05,119.0,78.0,1.0,10.0,4.0,10.0
talcher,2025-10-06,100.0,36.0,9.0,12.0,6.0,14.0
talcher,2025-10-07,113.0,37.0,6.0,17.0,20.0,23.0
talcher,2025-10-08,93.0,75.0,2.0,14.0,11.0,4.0
talcher,2025-10-10,113.0,59.0,8.0,19.0,7.0,3.0
talcher,2025-10-11,163.0,106.0,7.0,37.0,24.0,17.0
talcher,2025-10-12,172.0,169.0,6.0,26.0,21.0,20.0
talcher,2025-11-01,190.0,112.0,17.0,9.0,15.0,10.0
talcher,2025-11-02,196.0,109.0,14.0,9.0,10.0,11.0
talcher,2025-11-03,152.0,187.0,14.0,8.0,7.0,11.0
talcher,2025-11-04,139.0,49.0,,8.0,15.0,7.0
talcher,2025-11-05,130.0,71.0,1.0,9.0,3.0,9.0
talcher,2025-11-06,67.0,33.0,12.0,12.0,6.0,13.0
talcher,2025-11-07,69.0,42.0,7.0,19.0,19.0,13.0
talcher,2025-11-08,106.0,77.0,2.0,13.0,6.0,6.0
talcher,2025-11-10,115.0,65.0,8.0,21.0,7.0,2.0
talcher,2025-11-11,169.0,113.0,7.0,32.0,24.0,15.0
talcher,2025-11-12,181.0,168.0,6.0,27.0,23.0,20.0
talcher,2025-12-01,162.0,134.0,14.0,9.0,11.0,15.0
talcher,2025-12-02,161.0,121.0,15.0,9.0,15.0,11.0
talcher,2025-12-03,167.0,229.0,13.0,8.0,7.0,15.0
talcher,2025-12-04,103.0,65.0,,9.0,21.0,13.0
talcher,2025-12-05,101.0,57.0,,11.0,9.0,8.0
talcher,2025-12-06,78.0,49.0,14.0,10.0,4.0,13.0
talcher,2025-12-07,84.0,43.0,7.0,20.0,23.0,12.0
talcher,2025-12-08,123.0,22.0,2.0,13.0,5.0,6.0
talcher,2025-12-10,107.0,82.0,7.0,19.0,8.0,2.0
talcher,2025-12-11,164.0,116.0,7.0,33.0,23.0,16.0
talcher,2025-12-12,181.0,158.0,7.0,29.0,24.0,18.0
talcher,2026-01-01,236.0,309.0,36.0,24.0,37.0,14.0
talcher,2026-01-02,114.0,109.0,26.0,18.0,7.0,5.0
talcher,2026-01-03,,117.0,25.0,20.0,9.0,3.0
talcher,2026-01-04,144.0,63.0,32.0,13.0,11.0,12.0
talcher,2026-01-05,91.0,47.0,19.0,10.0,7.0,13.0
talcher,2026-02-01,286.0,170.0,29.0,22.0,39.0,
talcher,2026-02-02,145.0,129.0,40.0,20.0,5.0,7.0
talcher,2026-02-03,165.0,392.0,16.0,30.0,9.0,
talcher,2026-02-04,111.0,59.0,25.0,11.0,9.0,15.0
talcher,2026-02-05,95.0,53.0,13.0,12.0,8.0,12.0
talcher,2026-03-01,224.0,126.0,32.0,20.0,35.0,
talcher,2026-03-02,179.0,121.0,24.0,19.0,4.0,17.0
talcher,2026-03-03,196.0,,,,,
talcher,2026-03-04,92.0,82.0,24.0,12.0,9.0,14.0
talcher,2026-03-05,91.0,40.0,13.0,8.0,7.0,13.0
talcher,2026-04-01,180.0,160.0,36.0,18.0,29.0,6.0
talcher,2026-04-02,146.0,116.0,27.0,18.0,5.0,17.0
talcher,2026-04-03,,240.0,17.0,20.0,3.0,3.0
talcher,2026-04-04,106.0,64.0,22.0,13.0,8.0,15.0
talcher,2026-04-05,67.0,38.0,50.0,8.0,6.0,10.0
talcher,2026-05-01,189.0,195.0,12.0,17.0,19.0,9.0
talcher,2026-05-02,165.0,113.0,20.0,19.0,4.0,18.0
talcher,2026-05-03,156.0,63.0,27.0,14.0,2.0,6.0
talcher,2026-05-04,94.0,61.0,22.0,14.0,12.0,14.0
talcher,2026-05-05,105.0,55.0,2.0,10.0,6.0,10.0
talcher,2026-06-01,181.0,187.0,14.0,22.0,22.0,11.0
talcher,2026-06-02,130.0,138.0,16.0,23.0,4.0,19.0
talcher,2026-06-03,106.0,55.0,17.0,14.0,3.0,7.0
talcher,2026-06-04,96.0,50.0,18.0,17.0,10.0,13.0
talcher,2026-06-05,87.0,55.0,5.0,12.0,7.0,12.0
talcher,2026-07-01,188.0,178.0,14.0,23.0,26.0,12.0
talcher,2026-07-02,126.0,73.0,13.0,22.0,,19.0
talcher,2026-07-03,96.0,47.0,17.0,14.0,6.0,7.0
talcher,2026-07-04,84.0,36.0,13.0,12.0,11.0,16.0
talcher,2026-07-05,92.0,41.0,6.0,10.0,7.0,12.0
talcher,2026-08-01,165.0,142.0,14.0,22.0,20.0,11.0
talcher,2026-08-02,77.0,,,,,
talcher,2026-08-03,81.0,50.0,14.0,14.0,3.0,7.0
talcher,2026-08-04,60.0,40.0,18.0,13.0,8.0,15.0
talcher,2026-08-05,82.0,42.0,3.0,10.0,8.0,13.0
talcher,2026-09-01,155.0,128.0,13.0,20.0,15.0,16.0
talcher,2026-09-03,96.0,57.0,20.0,13.0,2.0,6.0
talcher,2026-09-04,60.0,57.0,16.0,12.0,8.0,14.0
talcher,2026-09-05,79.0,39.0,4.0,10.0,9.0,13.0
talcher,2026-10-01,140.0,139.0,13.0,22.0,13.0,17.0
talcher,2026-10-03,107.0,73.0,27.0,15.0,1.0,5.0
talcher,2026-10-04,87.0,87.0,21.0,12.0,8.0,12.0
talcher,2026-10-05,134.0,44.0,6.0,10.0,8.0,13.0
talcher,2026-11-01,140.0,172.0,13.0,23.0,12.0,12.0
talcher,2026-11-03,121.0,87.0,31.0,16.0,1.0,4.0
talcher,2026-11-04,122.0,89.0,20.0,14.0,12.0,13.0
talcher,2026-11-05,64.0,37.0,9.0,10.0,5.0,13.0
talcher,2026-12-01,148.0,141.0,13.0,22.0,10.0,13.0
talcher,2026-12-03,118.0,71.0,30.0,15.0,1.0,5.0
talcher,2026-12-04,137.0,47.0,15.0,12.0,6.0,15.0
talcher,2026-12-05,72.0,41.0,10.0,8.0,6.0,12.0
